"","Alue","Talotyyppi","Tiedot","values","vuosi"
"1","Koko maa","Yhteensä","Kaikkiasunnot yhteensä: /m²",2084,"2013"
"2","Koko maa","Yhteensä","Kaikki asunnot yhteensä:Lkm",67305,"2013"
"3","Koko maa","Yhteensä","Vapaarahoitteiset: /m²",2050,"2013"
"4","Koko maa","Yhteensä","Vapaarahoitteiset: Lkm",54546,"2013"
"5","Koko maa","Rivi- ja pientalot","Kaikkiasunnot yhteensä: /m²",NA,"2013"
"6","Koko maa","Rivi- ja pientalot","Kaikki asunnot yhteensä:Lkm",NA,"2013"
"7","Koko maa","Rivi- ja pientalot","Vapaarahoitteiset: /m²",1823,"2013"
"8","Koko maa","Rivi- ja pientalot","Vapaarahoitteiset: Lkm",16890,"2013"
"9","Koko maa","Kerrostalot","Kaikkiasunnot yhteensä: /m²",NA,"2013"
"10","Koko maa","Kerrostalot","Kaikki asunnot yhteensä:Lkm",NA,"2013"
"11","Koko maa","Kerrostalot","Vapaarahoitteiset: /m²",2160,"2013"
"12","Koko maa","Kerrostalot","Vapaarahoitteiset: Lkm",37656,"2013"
"13","Pääkaupunkiseutu(pks)","Yhteensä","Kaikkiasunnot yhteensä: /m²",3654,"2013"
"14","Pääkaupunkiseutu(pks)","Yhteensä","Kaikki asunnot yhteensä:Lkm",17107,"2013"
"15","Pääkaupunkiseutu(pks)","Yhteensä","Vapaarahoitteiset: /m²",3637,"2013"
"16","Pääkaupunkiseutu(pks)","Yhteensä","Vapaarahoitteiset: Lkm",14619,"2013"
"17","Pääkaupunkiseutu(pks)","Rivi- ja pientalot","Kaikkiasunnot yhteensä: /m²",NA,"2013"
"18","Pääkaupunkiseutu(pks)","Rivi- ja pientalot","Kaikki asunnot yhteensä:Lkm",NA,"2013"
"19","Pääkaupunkiseutu(pks)","Rivi- ja pientalot","Vapaarahoitteiset: /m²",3232,"2013"
"20","Pääkaupunkiseutu(pks)","Rivi- ja pientalot","Vapaarahoitteiset: Lkm",2558,"2013"
"21","Pääkaupunkiseutu(pks)","Kerrostalot","Kaikkiasunnot yhteensä: /m²",NA,"2013"
"22","Pääkaupunkiseutu(pks)","Kerrostalot","Kaikki asunnot yhteensä:Lkm",NA,"2013"
"23","Pääkaupunkiseutu(pks)","Kerrostalot","Vapaarahoitteiset: /m²",3729,"2013"
"24","Pääkaupunkiseutu(pks)","Kerrostalot","Vapaarahoitteiset: Lkm",12061,"2013"
"25","Koko maa - pks","Yhteensä","Kaikkiasunnot yhteensä: /m²",1721,"2013"
"26","Koko maa - pks","Yhteensä","Kaikki asunnot yhteensä:Lkm",50198,"2013"
"27","Koko maa - pks","Yhteensä","Vapaarahoitteiset: /m²",1662,"2013"
"28","Koko maa - pks","Yhteensä","Vapaarahoitteiset: Lkm",39927,"2013"
"29","Koko maa - pks","Rivi- ja pientalot","Kaikkiasunnot yhteensä: /m²",NA,"2013"
"30","Koko maa - pks","Rivi- ja pientalot","Kaikki asunnot yhteensä:Lkm",NA,"2013"
"31","Koko maa - pks","Rivi- ja pientalot","Vapaarahoitteiset: /m²",1646,"2013"
"32","Koko maa - pks","Rivi- ja pientalot","Vapaarahoitteiset: Lkm",14332,"2013"
"33","Koko maa - pks","Kerrostalot","Kaikkiasunnot yhteensä: /m²",NA,"2013"
"34","Koko maa - pks","Kerrostalot","Kaikki asunnot yhteensä:Lkm",NA,"2013"
"35","Koko maa - pks","Kerrostalot","Vapaarahoitteiset: /m²",1670,"2013"
"36","Koko maa - pks","Kerrostalot","Vapaarahoitteiset: Lkm",25595,"2013"
"37","Kehyskunnat","Yhteensä","Kaikkiasunnot yhteensä: /m²",2193,"2013"
"38","Kehyskunnat","Yhteensä","Kaikki asunnot yhteensä:Lkm",4240,"2013"
"39","Kehyskunnat","Yhteensä","Vapaarahoitteiset: /m²",2169,"2013"
"40","Kehyskunnat","Yhteensä","Vapaarahoitteiset: Lkm",3391,"2013"
"41","Kehyskunnat","Rivi- ja pientalot","Kaikkiasunnot yhteensä: /m²",NA,"2013"
"42","Kehyskunnat","Rivi- ja pientalot","Kaikki asunnot yhteensä:Lkm",NA,"2013"
"43","Kehyskunnat","Rivi- ja pientalot","Vapaarahoitteiset: /m²",2319,"2013"
"44","Kehyskunnat","Rivi- ja pientalot","Vapaarahoitteiset: Lkm",1420,"2013"
"45","Kehyskunnat","Kerrostalot","Kaikkiasunnot yhteensä: /m²",NA,"2013"
"46","Kehyskunnat","Kerrostalot","Kaikki asunnot yhteensä:Lkm",NA,"2013"
"47","Kehyskunnat","Kerrostalot","Vapaarahoitteiset: /m²",2068,"2013"
"48","Kehyskunnat","Kerrostalot","Vapaarahoitteiset: Lkm",1971,"2013"
"49","Etelä-Suomi","Yhteensä","Kaikkiasunnot yhteensä: /m²",2443,"2013"
"50","Etelä-Suomi","Yhteensä","Kaikki asunnot yhteensä:Lkm",38097,"2013"
"51","Etelä-Suomi","Yhteensä","Vapaarahoitteiset: /m²",2419,"2013"
"52","Etelä-Suomi","Yhteensä","Vapaarahoitteiset: Lkm",31860,"2013"
"53","Etelä-Suomi","Rivi- ja pientalot","Kaikkiasunnot yhteensä: /m²",NA,"2013"
"54","Etelä-Suomi","Rivi- ja pientalot","Kaikki asunnot yhteensä:Lkm",NA,"2013"
"55","Etelä-Suomi","Rivi- ja pientalot","Vapaarahoitteiset: /m²",2193,"2013"
"56","Etelä-Suomi","Rivi- ja pientalot","Vapaarahoitteiset: Lkm",8174,"2013"
"57","Etelä-Suomi","Kerrostalot","Kaikkiasunnot yhteensä: /m²",NA,"2013"
"58","Etelä-Suomi","Kerrostalot","Kaikki asunnot yhteensä:Lkm",NA,"2013"
"59","Etelä-Suomi","Kerrostalot","Vapaarahoitteiset: /m²",2503,"2013"
"60","Etelä-Suomi","Kerrostalot","Vapaarahoitteiset: Lkm",23686,"2013"
"61","Länsi-Suomi","Yhteensä","Kaikkiasunnot yhteensä: /m²",1779,"2013"
"62","Länsi-Suomi","Yhteensä","Kaikki asunnot yhteensä:Lkm",16177,"2013"
"63","Länsi-Suomi","Yhteensä","Vapaarahoitteiset: /m²",1717,"2013"
"64","Länsi-Suomi","Yhteensä","Vapaarahoitteiset: Lkm",13033,"2013"
"65","Länsi-Suomi","Rivi- ja pientalot","Kaikkiasunnot yhteensä: /m²",NA,"2013"
"66","Länsi-Suomi","Rivi- ja pientalot","Kaikki asunnot yhteensä:Lkm",NA,"2013"
"67","Länsi-Suomi","Rivi- ja pientalot","Vapaarahoitteiset: /m²",1647,"2013"
"68","Länsi-Suomi","Rivi- ja pientalot","Vapaarahoitteiset: Lkm",4792,"2013"
"69","Länsi-Suomi","Kerrostalot","Kaikkiasunnot yhteensä: /m²",NA,"2013"
"70","Länsi-Suomi","Kerrostalot","Kaikki asunnot yhteensä:Lkm",NA,"2013"
"71","Länsi-Suomi","Kerrostalot","Vapaarahoitteiset: /m²",1758,"2013"
"72","Länsi-Suomi","Kerrostalot","Vapaarahoitteiset: Lkm",8241,"2013"
"73","Itä-Suomi","Yhteensä","Kaikkiasunnot yhteensä: /m²",1570,"2013"
"74","Itä-Suomi","Yhteensä","Kaikki asunnot yhteensä:Lkm",6667,"2013"
"75","Itä-Suomi","Yhteensä","Vapaarahoitteiset: /m²",1509,"2013"
"76","Itä-Suomi","Yhteensä","Vapaarahoitteiset: Lkm",5423,"2013"
"77","Itä-Suomi","Rivi- ja pientalot","Kaikkiasunnot yhteensä: /m²",NA,"2013"
"78","Itä-Suomi","Rivi- ja pientalot","Kaikki asunnot yhteensä:Lkm",NA,"2013"
"79","Itä-Suomi","Rivi- ja pientalot","Vapaarahoitteiset: /m²",1393,"2013"
"80","Itä-Suomi","Rivi- ja pientalot","Vapaarahoitteiset: Lkm",2126,"2013"
"81","Itä-Suomi","Kerrostalot","Kaikkiasunnot yhteensä: /m²",NA,"2013"
"82","Itä-Suomi","Kerrostalot","Kaikki asunnot yhteensä:Lkm",NA,"2013"
"83","Itä-Suomi","Kerrostalot","Vapaarahoitteiset: /m²",1588,"2013"
"84","Itä-Suomi","Kerrostalot","Vapaarahoitteiset: Lkm",3297,"2013"
"85","Pohjois-Suomi","Yhteensä","Kaikkiasunnot yhteensä: /m²",1619,"2013"
"86","Pohjois-Suomi","Yhteensä","Kaikki asunnot yhteensä:Lkm",6364,"2013"
"87","Pohjois-Suomi","Yhteensä","Vapaarahoitteiset: /m²",1505,"2013"
"88","Pohjois-Suomi","Yhteensä","Vapaarahoitteiset: Lkm",4230,"2013"
"89","Pohjois-Suomi","Rivi- ja pientalot","Kaikkiasunnot yhteensä: /m²",NA,"2013"
"90","Pohjois-Suomi","Rivi- ja pientalot","Kaikki asunnot yhteensä:Lkm",NA,"2013"
"91","Pohjois-Suomi","Rivi- ja pientalot","Vapaarahoitteiset: /m²",1417,"2013"
"92","Pohjois-Suomi","Rivi- ja pientalot","Vapaarahoitteiset: Lkm",1798,"2013"
"93","Pohjois-Suomi","Kerrostalot","Kaikkiasunnot yhteensä: /m²",NA,"2013"
"94","Pohjois-Suomi","Kerrostalot","Kaikki asunnot yhteensä:Lkm",NA,"2013"
"95","Pohjois-Suomi","Kerrostalot","Vapaarahoitteiset: /m²",1574,"2013"
"96","Pohjois-Suomi","Kerrostalot","Vapaarahoitteiset: Lkm",2432,"2013"
"97","Uudenmaan maakunta","Yhteensä","Kaikkiasunnot yhteensä: /m²",3205,"2013"
"98","Uudenmaan maakunta","Yhteensä","Kaikki asunnot yhteensä:Lkm",22714,"2013"
"99","Uudenmaan maakunta","Yhteensä","Vapaarahoitteiset: /m²",3214,"2013"
"100","Uudenmaan maakunta","Yhteensä","Vapaarahoitteiset: Lkm",19044,"2013"
"101","Uudenmaan maakunta","Rivi- ja pientalot","Kaikkiasunnot yhteensä: /m²",NA,"2013"
"102","Uudenmaan maakunta","Rivi- ja pientalot","Kaikki asunnot yhteensä:Lkm",NA,"2013"
"103","Uudenmaan maakunta","Rivi- ja pientalot","Vapaarahoitteiset: /m²",2770,"2013"
"104","Uudenmaan maakunta","Rivi- ja pientalot","Vapaarahoitteiset: Lkm",4449,"2013"
"105","Uudenmaan maakunta","Kerrostalot","Kaikkiasunnot yhteensä: /m²",NA,"2013"
"106","Uudenmaan maakunta","Kerrostalot","Kaikki asunnot yhteensä:Lkm",NA,"2013"
"107","Uudenmaan maakunta","Kerrostalot","Vapaarahoitteiset: /m²",3363,"2013"
"108","Uudenmaan maakunta","Kerrostalot","Vapaarahoitteiset: Lkm",14595,"2013"
"109","Varsinais-Suomen maakunta","Yhteensä","Kaikkiasunnot yhteensä: /m²",1787,"2013"
"110","Varsinais-Suomen maakunta","Yhteensä","Kaikki asunnot yhteensä:Lkm",6511,"2013"
"111","Varsinais-Suomen maakunta","Yhteensä","Vapaarahoitteiset: /m²",1743,"2013"
"112","Varsinais-Suomen maakunta","Yhteensä","Vapaarahoitteiset: Lkm",5444,"2013"
"113","Varsinais-Suomen maakunta","Rivi- ja pientalot","Kaikkiasunnot yhteensä: /m²",NA,"2013"
"114","Varsinais-Suomen maakunta","Rivi- ja pientalot","Kaikki asunnot yhteensä:Lkm",NA,"2013"
"115","Varsinais-Suomen maakunta","Rivi- ja pientalot","Vapaarahoitteiset: /m²",1775,"2013"
"116","Varsinais-Suomen maakunta","Rivi- ja pientalot","Vapaarahoitteiset: Lkm",1658,"2013"
"117","Varsinais-Suomen maakunta","Kerrostalot","Kaikkiasunnot yhteensä: /m²",NA,"2013"
"118","Varsinais-Suomen maakunta","Kerrostalot","Kaikki asunnot yhteensä:Lkm",NA,"2013"
"119","Varsinais-Suomen maakunta","Kerrostalot","Vapaarahoitteiset: /m²",1730,"2013"
"120","Varsinais-Suomen maakunta","Kerrostalot","Vapaarahoitteiset: Lkm",3786,"2013"
"121","Satakunnan maakunta","Yhteensä","Kaikkiasunnot yhteensä: /m²",1381,"2013"
"122","Satakunnan maakunta","Yhteensä","Kaikki asunnot yhteensä:Lkm",2457,"2013"
"123","Satakunnan maakunta","Yhteensä","Vapaarahoitteiset: /m²",1341,"2013"
"124","Satakunnan maakunta","Yhteensä","Vapaarahoitteiset: Lkm",2006,"2013"
"125","Satakunnan maakunta","Rivi- ja pientalot","Kaikkiasunnot yhteensä: /m²",NA,"2013"
"126","Satakunnan maakunta","Rivi- ja pientalot","Kaikki asunnot yhteensä:Lkm",NA,"2013"
"127","Satakunnan maakunta","Rivi- ja pientalot","Vapaarahoitteiset: /m²",1345,"2013"
"128","Satakunnan maakunta","Rivi- ja pientalot","Vapaarahoitteiset: Lkm",761,"2013"
"129","Satakunnan maakunta","Kerrostalot","Kaikkiasunnot yhteensä: /m²",NA,"2013"
"130","Satakunnan maakunta","Kerrostalot","Kaikki asunnot yhteensä:Lkm",NA,"2013"
"131","Satakunnan maakunta","Kerrostalot","Vapaarahoitteiset: /m²",1338,"2013"
"132","Satakunnan maakunta","Kerrostalot","Vapaarahoitteiset: Lkm",1245,"2013"
"133","Kanta-Hämeen maakunta","Yhteensä","Kaikkiasunnot yhteensä: /m²",1694,"2013"
"134","Kanta-Hämeen maakunta","Yhteensä","Kaikki asunnot yhteensä:Lkm",2213,"2013"
"135","Kanta-Hämeen maakunta","Yhteensä","Vapaarahoitteiset: /m²",1635,"2013"
"136","Kanta-Hämeen maakunta","Yhteensä","Vapaarahoitteiset: Lkm",1844,"2013"
"137","Kanta-Hämeen maakunta","Rivi- ja pientalot","Kaikkiasunnot yhteensä: /m²",NA,"2013"
"138","Kanta-Hämeen maakunta","Rivi- ja pientalot","Kaikki asunnot yhteensä:Lkm",NA,"2013"
"139","Kanta-Hämeen maakunta","Rivi- ja pientalot","Vapaarahoitteiset: /m²",1749,"2013"
"140","Kanta-Hämeen maakunta","Rivi- ja pientalot","Vapaarahoitteiset: Lkm",631,"2013"
"141","Kanta-Hämeen maakunta","Kerrostalot","Kaikkiasunnot yhteensä: /m²",NA,"2013"
"142","Kanta-Hämeen maakunta","Kerrostalot","Kaikki asunnot yhteensä:Lkm",NA,"2013"
"143","Kanta-Hämeen maakunta","Kerrostalot","Vapaarahoitteiset: /m²",1579,"2013"
"144","Kanta-Hämeen maakunta","Kerrostalot","Vapaarahoitteiset: Lkm",1213,"2013"
"145","Pirkanmaan maakunta","Yhteensä","Kaikkiasunnot yhteensä: /m²",2039,"2013"
"146","Pirkanmaan maakunta","Yhteensä","Kaikki asunnot yhteensä:Lkm",7230,"2013"
"147","Pirkanmaan maakunta","Yhteensä","Vapaarahoitteiset: /m²",1966,"2013"
"148","Pirkanmaan maakunta","Yhteensä","Vapaarahoitteiset: Lkm",6118,"2013"
"149","Pirkanmaan maakunta","Rivi- ja pientalot","Kaikkiasunnot yhteensä: /m²",NA,"2013"
"150","Pirkanmaan maakunta","Rivi- ja pientalot","Kaikki asunnot yhteensä:Lkm",NA,"2013"
"151","Pirkanmaan maakunta","Rivi- ja pientalot","Vapaarahoitteiset: /m²",1948,"2013"
"152","Pirkanmaan maakunta","Rivi- ja pientalot","Vapaarahoitteiset: Lkm",1909,"2013"
"153","Pirkanmaan maakunta","Kerrostalot","Kaikkiasunnot yhteensä: /m²",NA,"2013"
"154","Pirkanmaan maakunta","Kerrostalot","Kaikki asunnot yhteensä:Lkm",NA,"2013"
"155","Pirkanmaan maakunta","Kerrostalot","Vapaarahoitteiset: /m²",1974,"2013"
"156","Pirkanmaan maakunta","Kerrostalot","Vapaarahoitteiset: Lkm",4209,"2013"
"157","Päijät-Hämeen maakunta","Yhteensä","Kaikkiasunnot yhteensä: /m²",1600,"2013"
"158","Päijät-Hämeen maakunta","Yhteensä","Kaikki asunnot yhteensä:Lkm",3142,"2013"
"159","Päijät-Hämeen maakunta","Yhteensä","Vapaarahoitteiset: /m²",1534,"2013"
"160","Päijät-Hämeen maakunta","Yhteensä","Vapaarahoitteiset: Lkm",2439,"2013"
"161","Päijät-Hämeen maakunta","Rivi- ja pientalot","Kaikkiasunnot yhteensä: /m²",NA,"2013"
"162","Päijät-Hämeen maakunta","Rivi- ja pientalot","Kaikki asunnot yhteensä:Lkm",NA,"2013"
"163","Päijät-Hämeen maakunta","Rivi- ja pientalot","Vapaarahoitteiset: /m²",1641,"2013"
"164","Päijät-Hämeen maakunta","Rivi- ja pientalot","Vapaarahoitteiset: Lkm",550,"2013"
"165","Päijät-Hämeen maakunta","Kerrostalot","Kaikkiasunnot yhteensä: /m²",NA,"2013"
"166","Päijät-Hämeen maakunta","Kerrostalot","Kaikki asunnot yhteensä:Lkm",NA,"2013"
"167","Päijät-Hämeen maakunta","Kerrostalot","Vapaarahoitteiset: /m²",1504,"2013"
"168","Päijät-Hämeen maakunta","Kerrostalot","Vapaarahoitteiset: Lkm",1889,"2013"
"169","Kymenlaakson maakunta","Yhteensä","Kaikkiasunnot yhteensä: /m²",1278,"2013"
"170","Kymenlaakson maakunta","Yhteensä","Kaikki asunnot yhteensä:Lkm",2006,"2013"
"171","Kymenlaakson maakunta","Yhteensä","Vapaarahoitteiset: /m²",1248,"2013"
"172","Kymenlaakson maakunta","Yhteensä","Vapaarahoitteiset: Lkm",1763,"2013"
"173","Kymenlaakson maakunta","Rivi- ja pientalot","Kaikkiasunnot yhteensä: /m²",NA,"2013"
"174","Kymenlaakson maakunta","Rivi- ja pientalot","Kaikki asunnot yhteensä:Lkm",NA,"2013"
"175","Kymenlaakson maakunta","Rivi- ja pientalot","Vapaarahoitteiset: /m²",1368,"2013"
"176","Kymenlaakson maakunta","Rivi- ja pientalot","Vapaarahoitteiset: Lkm",542,"2013"
"177","Kymenlaakson maakunta","Kerrostalot","Kaikkiasunnot yhteensä: /m²",NA,"2013"
"178","Kymenlaakson maakunta","Kerrostalot","Kaikki asunnot yhteensä:Lkm",NA,"2013"
"179","Kymenlaakson maakunta","Kerrostalot","Vapaarahoitteiset: /m²",1198,"2013"
"180","Kymenlaakson maakunta","Kerrostalot","Vapaarahoitteiset: Lkm",1221,"2013"
"181","Etelä-Karjalan maakunta","Yhteensä","Kaikkiasunnot yhteensä: /m²",1544,"2013"
"182","Etelä-Karjalan maakunta","Yhteensä","Kaikki asunnot yhteensä:Lkm",1511,"2013"
"183","Etelä-Karjalan maakunta","Yhteensä","Vapaarahoitteiset: /m²",1514,"2013"
"184","Etelä-Karjalan maakunta","Yhteensä","Vapaarahoitteiset: Lkm",1326,"2013"
"185","Etelä-Karjalan maakunta","Rivi- ja pientalot","Kaikkiasunnot yhteensä: /m²",NA,"2013"
"186","Etelä-Karjalan maakunta","Rivi- ja pientalot","Kaikki asunnot yhteensä:Lkm",NA,"2013"
"187","Etelä-Karjalan maakunta","Rivi- ja pientalot","Vapaarahoitteiset: /m²",1509,"2013"
"188","Etelä-Karjalan maakunta","Rivi- ja pientalot","Vapaarahoitteiset: Lkm",344,"2013"
"189","Etelä-Karjalan maakunta","Kerrostalot","Kaikkiasunnot yhteensä: /m²",NA,"2013"
"190","Etelä-Karjalan maakunta","Kerrostalot","Kaikki asunnot yhteensä:Lkm",NA,"2013"
"191","Etelä-Karjalan maakunta","Kerrostalot","Vapaarahoitteiset: /m²",1515,"2013"
"192","Etelä-Karjalan maakunta","Kerrostalot","Vapaarahoitteiset: Lkm",982,"2013"
"193","Etelä-Savon maakunta","Yhteensä","Kaikkiasunnot yhteensä: /m²",1412,"2013"
"194","Etelä-Savon maakunta","Yhteensä","Kaikki asunnot yhteensä:Lkm",1489,"2013"
"195","Etelä-Savon maakunta","Yhteensä","Vapaarahoitteiset: /m²",1358,"2013"
"196","Etelä-Savon maakunta","Yhteensä","Vapaarahoitteiset: Lkm",1183,"2013"
"197","Etelä-Savon maakunta","Rivi- ja pientalot","Kaikkiasunnot yhteensä: /m²",NA,"2013"
"198","Etelä-Savon maakunta","Rivi- ja pientalot","Kaikki asunnot yhteensä:Lkm",NA,"2013"
"199","Etelä-Savon maakunta","Rivi- ja pientalot","Vapaarahoitteiset: /m²",1269,"2013"
"200","Etelä-Savon maakunta","Rivi- ja pientalot","Vapaarahoitteiset: Lkm",384,"2013"
"201","Etelä-Savon maakunta","Kerrostalot","Kaikkiasunnot yhteensä: /m²",NA,"2013"
"202","Etelä-Savon maakunta","Kerrostalot","Kaikki asunnot yhteensä:Lkm",NA,"2013"
"203","Etelä-Savon maakunta","Kerrostalot","Vapaarahoitteiset: /m²",1402,"2013"
"204","Etelä-Savon maakunta","Kerrostalot","Vapaarahoitteiset: Lkm",799,"2013"
"205","Pohjois-Savon maakunta","Yhteensä","Kaikkiasunnot yhteensä: /m²",1674,"2013"
"206","Pohjois-Savon maakunta","Yhteensä","Kaikki asunnot yhteensä:Lkm",2896,"2013"
"207","Pohjois-Savon maakunta","Yhteensä","Vapaarahoitteiset: /m²",1615,"2013"
"208","Pohjois-Savon maakunta","Yhteensä","Vapaarahoitteiset: Lkm",2429,"2013"
"209","Pohjois-Savon maakunta","Rivi- ja pientalot","Kaikkiasunnot yhteensä: /m²",NA,"2013"
"210","Pohjois-Savon maakunta","Rivi- ja pientalot","Kaikki asunnot yhteensä:Lkm",NA,"2013"
"211","Pohjois-Savon maakunta","Rivi- ja pientalot","Vapaarahoitteiset: /m²",1496,"2013"
"212","Pohjois-Savon maakunta","Rivi- ja pientalot","Vapaarahoitteiset: Lkm",901,"2013"
"213","Pohjois-Savon maakunta","Kerrostalot","Kaikkiasunnot yhteensä: /m²",NA,"2013"
"214","Pohjois-Savon maakunta","Kerrostalot","Kaikki asunnot yhteensä:Lkm",NA,"2013"
"215","Pohjois-Savon maakunta","Kerrostalot","Vapaarahoitteiset: /m²",1689,"2013"
"216","Pohjois-Savon maakunta","Kerrostalot","Vapaarahoitteiset: Lkm",1528,"2013"
"217","Pohjois-Karjalan maakunta","Yhteensä","Kaikkiasunnot yhteensä: /m²",1657,"2013"
"218","Pohjois-Karjalan maakunta","Yhteensä","Kaikki asunnot yhteensä:Lkm",1598,"2013"
"219","Pohjois-Karjalan maakunta","Yhteensä","Vapaarahoitteiset: /m²",1558,"2013"
"220","Pohjois-Karjalan maakunta","Yhteensä","Vapaarahoitteiset: Lkm",1267,"2013"
"221","Pohjois-Karjalan maakunta","Rivi- ja pientalot","Kaikkiasunnot yhteensä: /m²",NA,"2013"
"222","Pohjois-Karjalan maakunta","Rivi- ja pientalot","Kaikki asunnot yhteensä:Lkm",NA,"2013"
"223","Pohjois-Karjalan maakunta","Rivi- ja pientalot","Vapaarahoitteiset: /m²",1373,"2013"
"224","Pohjois-Karjalan maakunta","Rivi- ja pientalot","Vapaarahoitteiset: Lkm",632,"2013"
"225","Pohjois-Karjalan maakunta","Kerrostalot","Kaikkiasunnot yhteensä: /m²",NA,"2013"
"226","Pohjois-Karjalan maakunta","Kerrostalot","Kaikki asunnot yhteensä:Lkm",NA,"2013"
"227","Pohjois-Karjalan maakunta","Kerrostalot","Vapaarahoitteiset: /m²",1768,"2013"
"228","Pohjois-Karjalan maakunta","Kerrostalot","Vapaarahoitteiset: Lkm",635,"2013"
"229","Keski-Suomen maakunta","Yhteensä","Kaikkiasunnot yhteensä: /m²",1651,"2013"
"230","Keski-Suomen maakunta","Yhteensä","Kaikki asunnot yhteensä:Lkm",3191,"2013"
"231","Keski-Suomen maakunta","Yhteensä","Vapaarahoitteiset: /m²",1599,"2013"
"232","Keski-Suomen maakunta","Yhteensä","Vapaarahoitteiset: Lkm",2471,"2013"
"233","Keski-Suomen maakunta","Rivi- ja pientalot","Kaikkiasunnot yhteensä: /m²",NA,"2013"
"234","Keski-Suomen maakunta","Rivi- ja pientalot","Kaikki asunnot yhteensä:Lkm",NA,"2013"
"235","Keski-Suomen maakunta","Rivi- ja pientalot","Vapaarahoitteiset: /m²",1514,"2013"
"236","Keski-Suomen maakunta","Rivi- ja pientalot","Vapaarahoitteiset: Lkm",927,"2013"
"237","Keski-Suomen maakunta","Kerrostalot","Kaikkiasunnot yhteensä: /m²",NA,"2013"
"238","Keski-Suomen maakunta","Kerrostalot","Kaikki asunnot yhteensä:Lkm",NA,"2013"
"239","Keski-Suomen maakunta","Kerrostalot","Vapaarahoitteiset: /m²",1652,"2013"
"240","Keski-Suomen maakunta","Kerrostalot","Vapaarahoitteiset: Lkm",1544,"2013"
"241","Etelä-Pohjanmaan maakunta","Yhteensä","Kaikkiasunnot yhteensä: /m²",1700,"2013"
"242","Etelä-Pohjanmaan maakunta","Yhteensä","Kaikki asunnot yhteensä:Lkm",1623,"2013"
"243","Etelä-Pohjanmaan maakunta","Yhteensä","Vapaarahoitteiset: /m²",1539,"2013"
"244","Etelä-Pohjanmaan maakunta","Yhteensä","Vapaarahoitteiset: Lkm",1140,"2013"
"245","Etelä-Pohjanmaan maakunta","Rivi- ja pientalot","Kaikkiasunnot yhteensä: /m²",NA,"2013"
"246","Etelä-Pohjanmaan maakunta","Rivi- ja pientalot","Kaikki asunnot yhteensä:Lkm",NA,"2013"
"247","Etelä-Pohjanmaan maakunta","Rivi- ja pientalot","Vapaarahoitteiset: /m²",1487,"2013"
"248","Etelä-Pohjanmaan maakunta","Rivi- ja pientalot","Vapaarahoitteiset: Lkm",775,"2013"
"249","Etelä-Pohjanmaan maakunta","Kerrostalot","Kaikkiasunnot yhteensä: /m²",NA,"2013"
"250","Etelä-Pohjanmaan maakunta","Kerrostalot","Kaikki asunnot yhteensä:Lkm",NA,"2013"
"251","Etelä-Pohjanmaan maakunta","Kerrostalot","Vapaarahoitteiset: /m²",1654,"2013"
"252","Etelä-Pohjanmaan maakunta","Kerrostalot","Vapaarahoitteiset: Lkm",365,"2013"
"253","Pohjanmaan maakunta","Yhteensä","Kaikkiasunnot yhteensä: /m²",1726,"2013"
"254","Pohjanmaan maakunta","Yhteensä","Kaikki asunnot yhteensä:Lkm",1676,"2013"
"255","Pohjanmaan maakunta","Yhteensä","Vapaarahoitteiset: /m²",1673,"2013"
"256","Pohjanmaan maakunta","Yhteensä","Vapaarahoitteiset: Lkm",1298,"2013"
"257","Pohjanmaan maakunta","Rivi- ja pientalot","Kaikkiasunnot yhteensä: /m²",NA,"2013"
"258","Pohjanmaan maakunta","Rivi- ja pientalot","Kaikki asunnot yhteensä:Lkm",NA,"2013"
"259","Pohjanmaan maakunta","Rivi- ja pientalot","Vapaarahoitteiset: /m²",1612,"2013"
"260","Pohjanmaan maakunta","Rivi- ja pientalot","Vapaarahoitteiset: Lkm",420,"2013"
"261","Pohjanmaan maakunta","Kerrostalot","Kaikkiasunnot yhteensä: /m²",NA,"2013"
"262","Pohjanmaan maakunta","Kerrostalot","Kaikki asunnot yhteensä:Lkm",NA,"2013"
"263","Pohjanmaan maakunta","Kerrostalot","Vapaarahoitteiset: /m²",1704,"2013"
"264","Pohjanmaan maakunta","Kerrostalot","Vapaarahoitteiset: Lkm",878,"2013"
"265","Keski-Pohjanmaan maakunta","Yhteensä","Kaikkiasunnot yhteensä: /m²",1664,"2013"
"266","Keski-Pohjanmaan maakunta","Yhteensä","Kaikki asunnot yhteensä:Lkm",553,"2013"
"267","Keski-Pohjanmaan maakunta","Yhteensä","Vapaarahoitteiset: /m²",1586,"2013"
"268","Keski-Pohjanmaan maakunta","Yhteensä","Vapaarahoitteiset: Lkm",352,"2013"
"269","Keski-Pohjanmaan maakunta","Rivi- ja pientalot","Kaikkiasunnot yhteensä: /m²",NA,"2013"
"270","Keski-Pohjanmaan maakunta","Rivi- ja pientalot","Kaikki asunnot yhteensä:Lkm",NA,"2013"
"271","Keski-Pohjanmaan maakunta","Rivi- ja pientalot","Vapaarahoitteiset: /m²",1523,"2013"
"272","Keski-Pohjanmaan maakunta","Rivi- ja pientalot","Vapaarahoitteiset: Lkm",153,"2013"
"273","Keski-Pohjanmaan maakunta","Kerrostalot","Kaikkiasunnot yhteensä: /m²",NA,"2013"
"274","Keski-Pohjanmaan maakunta","Kerrostalot","Kaikki asunnot yhteensä:Lkm",NA,"2013"
"275","Keski-Pohjanmaan maakunta","Kerrostalot","Vapaarahoitteiset: /m²",1637,"2013"
"276","Keski-Pohjanmaan maakunta","Kerrostalot","Vapaarahoitteiset: Lkm",199,"2013"
"277","Pohjois-Pohjanmaan maakunta","Yhteensä","Kaikkiasunnot yhteensä: /m²",1665,"2013"
"278","Pohjois-Pohjanmaan maakunta","Yhteensä","Kaikki asunnot yhteensä:Lkm",4153,"2013"
"279","Pohjois-Pohjanmaan maakunta","Yhteensä","Vapaarahoitteiset: /m²",1572,"2013"
"280","Pohjois-Pohjanmaan maakunta","Yhteensä","Vapaarahoitteiset: Lkm",2829,"2013"
"281","Pohjois-Pohjanmaan maakunta","Rivi- ja pientalot","Kaikkiasunnot yhteensä: /m²",NA,"2013"
"282","Pohjois-Pohjanmaan maakunta","Rivi- ja pientalot","Kaikki asunnot yhteensä:Lkm",NA,"2013"
"283","Pohjois-Pohjanmaan maakunta","Rivi- ja pientalot","Vapaarahoitteiset: /m²",1437,"2013"
"284","Pohjois-Pohjanmaan maakunta","Rivi- ja pientalot","Vapaarahoitteiset: Lkm",1277,"2013"
"285","Pohjois-Pohjanmaan maakunta","Kerrostalot","Kaikkiasunnot yhteensä: /m²",NA,"2013"
"286","Pohjois-Pohjanmaan maakunta","Kerrostalot","Kaikki asunnot yhteensä:Lkm",NA,"2013"
"287","Pohjois-Pohjanmaan maakunta","Kerrostalot","Vapaarahoitteiset: /m²",1692,"2013"
"288","Pohjois-Pohjanmaan maakunta","Kerrostalot","Vapaarahoitteiset: Lkm",1552,"2013"
"289","Kainuun maakunta","Yhteensä","Kaikkiasunnot yhteensä: /m²",1330,"2013"
"290","Kainuun maakunta","Yhteensä","Kaikki asunnot yhteensä:Lkm",684,"2013"
"291","Kainuun maakunta","Yhteensä","Vapaarahoitteiset: /m²",1300,"2013"
"292","Kainuun maakunta","Yhteensä","Vapaarahoitteiset: Lkm",544,"2013"
"293","Kainuun maakunta","Rivi- ja pientalot","Kaikkiasunnot yhteensä: /m²",NA,"2013"
"294","Kainuun maakunta","Rivi- ja pientalot","Kaikki asunnot yhteensä:Lkm",NA,"2013"
"295","Kainuun maakunta","Rivi- ja pientalot","Vapaarahoitteiset: /m²",1273,"2013"
"296","Kainuun maakunta","Rivi- ja pientalot","Vapaarahoitteiset: Lkm",209,"2013"
"297","Kainuun maakunta","Kerrostalot","Kaikkiasunnot yhteensä: /m²",NA,"2013"
"298","Kainuun maakunta","Kerrostalot","Kaikki asunnot yhteensä:Lkm",NA,"2013"
"299","Kainuun maakunta","Kerrostalot","Vapaarahoitteiset: /m²",1317,"2013"
"300","Kainuun maakunta","Kerrostalot","Vapaarahoitteiset: Lkm",335,"2013"
"301","Lapin maakunta","Yhteensä","Kaikkiasunnot yhteensä: /m²",1498,"2013"
"302","Lapin maakunta","Yhteensä","Kaikki asunnot yhteensä:Lkm",1658,"2013"
"303","Lapin maakunta","Yhteensä","Vapaarahoitteiset: /m²",1316,"2013"
"304","Lapin maakunta","Yhteensä","Vapaarahoitteiset: Lkm",1049,"2013"
"305","Lapin maakunta","Rivi- ja pientalot","Kaikkiasunnot yhteensä: /m²",NA,"2013"
"306","Lapin maakunta","Rivi- ja pientalot","Kaikki asunnot yhteensä:Lkm",NA,"2013"
"307","Lapin maakunta","Rivi- ja pientalot","Vapaarahoitteiset: /m²",1308,"2013"
"308","Lapin maakunta","Rivi- ja pientalot","Vapaarahoitteiset: Lkm",368,"2013"
"309","Lapin maakunta","Kerrostalot","Kaikkiasunnot yhteensä: /m²",NA,"2013"
"310","Lapin maakunta","Kerrostalot","Kaikki asunnot yhteensä:Lkm",NA,"2013"
"311","Lapin maakunta","Kerrostalot","Vapaarahoitteiset: /m²",1321,"2013"
"312","Lapin maakunta","Kerrostalot","Vapaarahoitteiset: Lkm",681,"2013"
"313","005 Alajärvi","Yhteensä","Kaikkiasunnot yhteensä: /m²",1018,"2013"
"314","005 Alajärvi","Yhteensä","Kaikki asunnot yhteensä:Lkm",29,"2013"
"315","005 Alajärvi","Yhteensä","Vapaarahoitteiset: /m²",1039,"2013"
"316","005 Alajärvi","Yhteensä","Vapaarahoitteiset: Lkm",25,"2013"
"317","005 Alajärvi","Rivi- ja pientalot","Kaikkiasunnot yhteensä: /m²",NA,"2013"
"318","005 Alajärvi","Rivi- ja pientalot","Kaikki asunnot yhteensä:Lkm",NA,"2013"
"319","005 Alajärvi","Rivi- ja pientalot","Vapaarahoitteiset: /m²",963,"2013"
"320","005 Alajärvi","Rivi- ja pientalot","Vapaarahoitteiset: Lkm",20,"2013"
"321","005 Alajärvi","Kerrostalot","Kaikkiasunnot yhteensä: /m²",NA,"2013"
"322","005 Alajärvi","Kerrostalot","Kaikki asunnot yhteensä:Lkm",NA,"2013"
"323","005 Alajärvi","Kerrostalot","Vapaarahoitteiset: /m²",1407,"2013"
"324","005 Alajärvi","Kerrostalot","Vapaarahoitteiset: Lkm",5,"2013"
"325","009 Alavieska","Yhteensä","Kaikkiasunnot yhteensä: /m²",950,"2013"
"326","009 Alavieska","Yhteensä","Kaikki asunnot yhteensä:Lkm",8,"2013"
"327","009 Alavieska","Yhteensä","Vapaarahoitteiset: /m²",950,"2013"
"328","009 Alavieska","Yhteensä","Vapaarahoitteiset: Lkm",8,"2013"
"329","009 Alavieska","Rivi- ja pientalot","Kaikkiasunnot yhteensä: /m²",NA,"2013"
"330","009 Alavieska","Rivi- ja pientalot","Kaikki asunnot yhteensä:Lkm",NA,"2013"
"331","009 Alavieska","Rivi- ja pientalot","Vapaarahoitteiset: /m²",846,"2013"
"332","009 Alavieska","Rivi- ja pientalot","Vapaarahoitteiset: Lkm",7,"2013"
"333","009 Alavieska","Kerrostalot","Kaikkiasunnot yhteensä: /m²",NA,"2013"
"334","009 Alavieska","Kerrostalot","Kaikki asunnot yhteensä:Lkm",NA,"2013"
"335","009 Alavieska","Kerrostalot","Vapaarahoitteiset: /m²",NA,"2013"
"336","009 Alavieska","Kerrostalot","Vapaarahoitteiset: Lkm",1,"2013"
"337","010 Alavus","Yhteensä","Kaikkiasunnot yhteensä: /m²",1303,"2013"
"338","010 Alavus","Yhteensä","Kaikki asunnot yhteensä:Lkm",51,"2013"
"339","010 Alavus","Yhteensä","Vapaarahoitteiset: /m²",1215,"2013"
"340","010 Alavus","Yhteensä","Vapaarahoitteiset: Lkm",31,"2013"
"341","010 Alavus","Rivi- ja pientalot","Kaikkiasunnot yhteensä: /m²",NA,"2013"
"342","010 Alavus","Rivi- ja pientalot","Kaikki asunnot yhteensä:Lkm",NA,"2013"
"343","010 Alavus","Rivi- ja pientalot","Vapaarahoitteiset: /m²",1266,"2013"
"344","010 Alavus","Rivi- ja pientalot","Vapaarahoitteiset: Lkm",23,"2013"
"345","010 Alavus","Kerrostalot","Kaikkiasunnot yhteensä: /m²",NA,"2013"
"346","010 Alavus","Kerrostalot","Kaikki asunnot yhteensä:Lkm",NA,"2013"
"347","010 Alavus","Kerrostalot","Vapaarahoitteiset: /m²",1081,"2013"
"348","010 Alavus","Kerrostalot","Vapaarahoitteiset: Lkm",8,"2013"
"349","016 Asikkala","Yhteensä","Kaikkiasunnot yhteensä: /m²",1406,"2013"
"350","016 Asikkala","Yhteensä","Kaikki asunnot yhteensä:Lkm",88,"2013"
"351","016 Asikkala","Yhteensä","Vapaarahoitteiset: /m²",1289,"2013"
"352","016 Asikkala","Yhteensä","Vapaarahoitteiset: Lkm",76,"2013"
"353","016 Asikkala","Rivi- ja pientalot","Kaikkiasunnot yhteensä: /m²",NA,"2013"
"354","016 Asikkala","Rivi- ja pientalot","Kaikki asunnot yhteensä:Lkm",NA,"2013"
"355","016 Asikkala","Rivi- ja pientalot","Vapaarahoitteiset: /m²",1482,"2013"
"356","016 Asikkala","Rivi- ja pientalot","Vapaarahoitteiset: Lkm",31,"2013"
"357","016 Asikkala","Kerrostalot","Kaikkiasunnot yhteensä: /m²",NA,"2013"
"358","016 Asikkala","Kerrostalot","Kaikki asunnot yhteensä:Lkm",NA,"2013"
"359","016 Asikkala","Kerrostalot","Vapaarahoitteiset: /m²",1171,"2013"
"360","016 Asikkala","Kerrostalot","Vapaarahoitteiset: Lkm",45,"2013"
"361","018 Askola","Yhteensä","Kaikkiasunnot yhteensä: /m²",2220,"2013"
"362","018 Askola","Yhteensä","Kaikki asunnot yhteensä:Lkm",19,"2013"
"363","018 Askola","Yhteensä","Vapaarahoitteiset: /m²",1963,"2013"
"364","018 Askola","Yhteensä","Vapaarahoitteiset: Lkm",9,"2013"
"365","018 Askola","Rivi- ja pientalot","Kaikkiasunnot yhteensä: /m²",NA,"2013"
"366","018 Askola","Rivi- ja pientalot","Kaikki asunnot yhteensä:Lkm",NA,"2013"
"367","018 Askola","Rivi- ja pientalot","Vapaarahoitteiset: /m²",1963,"2013"
"368","018 Askola","Rivi- ja pientalot","Vapaarahoitteiset: Lkm",9,"2013"
"369","018 Askola","Kerrostalot","Kaikkiasunnot yhteensä: /m²",NA,"2013"
"370","018 Askola","Kerrostalot","Kaikki asunnot yhteensä:Lkm",NA,"2013"
"371","018 Askola","Kerrostalot","Vapaarahoitteiset: /m²",NA,"2013"
"372","018 Askola","Kerrostalot","Vapaarahoitteiset: Lkm",NA,"2013"
"373","019 Aura","Yhteensä","Kaikkiasunnot yhteensä: /m²",1436,"2013"
"374","019 Aura","Yhteensä","Kaikki asunnot yhteensä:Lkm",37,"2013"
"375","019 Aura","Yhteensä","Vapaarahoitteiset: /m²",1372,"2013"
"376","019 Aura","Yhteensä","Vapaarahoitteiset: Lkm",29,"2013"
"377","019 Aura","Rivi- ja pientalot","Kaikkiasunnot yhteensä: /m²",NA,"2013"
"378","019 Aura","Rivi- ja pientalot","Kaikki asunnot yhteensä:Lkm",NA,"2013"
"379","019 Aura","Rivi- ja pientalot","Vapaarahoitteiset: /m²",1412,"2013"
"380","019 Aura","Rivi- ja pientalot","Vapaarahoitteiset: Lkm",26,"2013"
"381","019 Aura","Kerrostalot","Kaikkiasunnot yhteensä: /m²",NA,"2013"
"382","019 Aura","Kerrostalot","Kaikki asunnot yhteensä:Lkm",NA,"2013"
"383","019 Aura","Kerrostalot","Vapaarahoitteiset: /m²",NA,"2013"
"384","019 Aura","Kerrostalot","Vapaarahoitteiset: Lkm",3,"2013"
"385","020 Akaa","Yhteensä","Kaikkiasunnot yhteensä: /m²",1200,"2013"
"386","020 Akaa","Yhteensä","Kaikki asunnot yhteensä:Lkm",173,"2013"
"387","020 Akaa","Yhteensä","Vapaarahoitteiset: /m²",1177,"2013"
"388","020 Akaa","Yhteensä","Vapaarahoitteiset: Lkm",148,"2013"
"389","020 Akaa","Rivi- ja pientalot","Kaikkiasunnot yhteensä: /m²",NA,"2013"
"390","020 Akaa","Rivi- ja pientalot","Kaikki asunnot yhteensä:Lkm",NA,"2013"
"391","020 Akaa","Rivi- ja pientalot","Vapaarahoitteiset: /m²",1483,"2013"
"392","020 Akaa","Rivi- ja pientalot","Vapaarahoitteiset: Lkm",48,"2013"
"393","020 Akaa","Kerrostalot","Kaikkiasunnot yhteensä: /m²",NA,"2013"
"394","020 Akaa","Kerrostalot","Kaikki asunnot yhteensä:Lkm",NA,"2013"
"395","020 Akaa","Kerrostalot","Vapaarahoitteiset: /m²",1053,"2013"
"396","020 Akaa","Kerrostalot","Vapaarahoitteiset: Lkm",100,"2013"
"397","046 Enonkoski","Yhteensä","Kaikkiasunnot yhteensä: /m²",NA,"2013"
"398","046 Enonkoski","Yhteensä","Kaikki asunnot yhteensä:Lkm",2,"2013"
"399","046 Enonkoski","Yhteensä","Vapaarahoitteiset: /m²",NA,"2013"
"400","046 Enonkoski","Yhteensä","Vapaarahoitteiset: Lkm",2,"2013"
"401","046 Enonkoski","Rivi- ja pientalot","Kaikkiasunnot yhteensä: /m²",NA,"2013"
"402","046 Enonkoski","Rivi- ja pientalot","Kaikki asunnot yhteensä:Lkm",NA,"2013"
"403","046 Enonkoski","Rivi- ja pientalot","Vapaarahoitteiset: /m²",NA,"2013"
"404","046 Enonkoski","Rivi- ja pientalot","Vapaarahoitteiset: Lkm",2,"2013"
"405","046 Enonkoski","Kerrostalot","Kaikkiasunnot yhteensä: /m²",NA,"2013"
"406","046 Enonkoski","Kerrostalot","Kaikki asunnot yhteensä:Lkm",NA,"2013"
"407","046 Enonkoski","Kerrostalot","Vapaarahoitteiset: /m²",NA,"2013"
"408","046 Enonkoski","Kerrostalot","Vapaarahoitteiset: Lkm",NA,"2013"
"409","049 Espoo","Yhteensä","Kaikkiasunnot yhteensä: /m²",3351,"2013"
"410","049 Espoo","Yhteensä","Kaikki asunnot yhteensä:Lkm",3540,"2013"
"411","049 Espoo","Yhteensä","Vapaarahoitteiset: /m²",3273,"2013"
"412","049 Espoo","Yhteensä","Vapaarahoitteiset: Lkm",3096,"2013"
"413","049 Espoo","Rivi- ja pientalot","Kaikkiasunnot yhteensä: /m²",NA,"2013"
"414","049 Espoo","Rivi- ja pientalot","Kaikki asunnot yhteensä:Lkm",NA,"2013"
"415","049 Espoo","Rivi- ja pientalot","Vapaarahoitteiset: /m²",3368,"2013"
"416","049 Espoo","Rivi- ja pientalot","Vapaarahoitteiset: Lkm",1069,"2013"
"417","049 Espoo","Kerrostalot","Kaikkiasunnot yhteensä: /m²",NA,"2013"
"418","049 Espoo","Kerrostalot","Kaikki asunnot yhteensä:Lkm",NA,"2013"
"419","049 Espoo","Kerrostalot","Vapaarahoitteiset: /m²",3224,"2013"
"420","049 Espoo","Kerrostalot","Vapaarahoitteiset: Lkm",2027,"2013"
"421","050 Eura","Yhteensä","Kaikkiasunnot yhteensä: /m²",1110,"2013"
"422","050 Eura","Yhteensä","Kaikki asunnot yhteensä:Lkm",49,"2013"
"423","050 Eura","Yhteensä","Vapaarahoitteiset: /m²",1117,"2013"
"424","050 Eura","Yhteensä","Vapaarahoitteiset: Lkm",43,"2013"
"425","050 Eura","Rivi- ja pientalot","Kaikkiasunnot yhteensä: /m²",NA,"2013"
"426","050 Eura","Rivi- ja pientalot","Kaikki asunnot yhteensä:Lkm",NA,"2013"
"427","050 Eura","Rivi- ja pientalot","Vapaarahoitteiset: /m²",1198,"2013"
"428","050 Eura","Rivi- ja pientalot","Vapaarahoitteiset: Lkm",29,"2013"
"429","050 Eura","Kerrostalot","Kaikkiasunnot yhteensä: /m²",NA,"2013"
"430","050 Eura","Kerrostalot","Kaikki asunnot yhteensä:Lkm",NA,"2013"
"431","050 Eura","Kerrostalot","Vapaarahoitteiset: /m²",966,"2013"
"432","050 Eura","Kerrostalot","Vapaarahoitteiset: Lkm",14,"2013"
"433","051 Eurajoki","Yhteensä","Kaikkiasunnot yhteensä: /m²",1404,"2013"
"434","051 Eurajoki","Yhteensä","Kaikki asunnot yhteensä:Lkm",32,"2013"
"435","051 Eurajoki","Yhteensä","Vapaarahoitteiset: /m²",1306,"2013"
"436","051 Eurajoki","Yhteensä","Vapaarahoitteiset: Lkm",25,"2013"
"437","051 Eurajoki","Rivi- ja pientalot","Kaikkiasunnot yhteensä: /m²",NA,"2013"
"438","051 Eurajoki","Rivi- ja pientalot","Kaikki asunnot yhteensä:Lkm",NA,"2013"
"439","051 Eurajoki","Rivi- ja pientalot","Vapaarahoitteiset: /m²",1299,"2013"
"440","051 Eurajoki","Rivi- ja pientalot","Vapaarahoitteiset: Lkm",21,"2013"
"441","051 Eurajoki","Kerrostalot","Kaikkiasunnot yhteensä: /m²",NA,"2013"
"442","051 Eurajoki","Kerrostalot","Kaikki asunnot yhteensä:Lkm",NA,"2013"
"443","051 Eurajoki","Kerrostalot","Vapaarahoitteiset: /m²",NA,"2013"
"444","051 Eurajoki","Kerrostalot","Vapaarahoitteiset: Lkm",4,"2013"
"445","052 Evijärvi","Yhteensä","Kaikkiasunnot yhteensä: /m²",NA,"2013"
"446","052 Evijärvi","Yhteensä","Kaikki asunnot yhteensä:Lkm",2,"2013"
"447","052 Evijärvi","Yhteensä","Vapaarahoitteiset: /m²",NA,"2013"
"448","052 Evijärvi","Yhteensä","Vapaarahoitteiset: Lkm",1,"2013"
"449","052 Evijärvi","Rivi- ja pientalot","Kaikkiasunnot yhteensä: /m²",NA,"2013"
"450","052 Evijärvi","Rivi- ja pientalot","Kaikki asunnot yhteensä:Lkm",NA,"2013"
"451","052 Evijärvi","Rivi- ja pientalot","Vapaarahoitteiset: /m²",NA,"2013"
"452","052 Evijärvi","Rivi- ja pientalot","Vapaarahoitteiset: Lkm",1,"2013"
"453","052 Evijärvi","Kerrostalot","Kaikkiasunnot yhteensä: /m²",NA,"2013"
"454","052 Evijärvi","Kerrostalot","Kaikki asunnot yhteensä:Lkm",NA,"2013"
"455","052 Evijärvi","Kerrostalot","Vapaarahoitteiset: /m²",NA,"2013"
"456","052 Evijärvi","Kerrostalot","Vapaarahoitteiset: Lkm",NA,"2013"
"457","061 Forssa","Yhteensä","Kaikkiasunnot yhteensä: /m²",1209,"2013"
"458","061 Forssa","Yhteensä","Kaikki asunnot yhteensä:Lkm",248,"2013"
"459","061 Forssa","Yhteensä","Vapaarahoitteiset: /m²",1195,"2013"
"460","061 Forssa","Yhteensä","Vapaarahoitteiset: Lkm",223,"2013"
"461","061 Forssa","Rivi- ja pientalot","Kaikkiasunnot yhteensä: /m²",NA,"2013"
"462","061 Forssa","Rivi- ja pientalot","Kaikki asunnot yhteensä:Lkm",NA,"2013"
"463","061 Forssa","Rivi- ja pientalot","Vapaarahoitteiset: /m²",1430,"2013"
"464","061 Forssa","Rivi- ja pientalot","Vapaarahoitteiset: Lkm",61,"2013"
"465","061 Forssa","Kerrostalot","Kaikkiasunnot yhteensä: /m²",NA,"2013"
"466","061 Forssa","Kerrostalot","Kaikki asunnot yhteensä:Lkm",NA,"2013"
"467","061 Forssa","Kerrostalot","Vapaarahoitteiset: /m²",1116,"2013"
"468","061 Forssa","Kerrostalot","Vapaarahoitteiset: Lkm",162,"2013"
"469","069 Haapajärvi","Yhteensä","Kaikkiasunnot yhteensä: /m²",1039,"2013"
"470","069 Haapajärvi","Yhteensä","Kaikki asunnot yhteensä:Lkm",42,"2013"
"471","069 Haapajärvi","Yhteensä","Vapaarahoitteiset: /m²",1024,"2013"
"472","069 Haapajärvi","Yhteensä","Vapaarahoitteiset: Lkm",40,"2013"
"473","069 Haapajärvi","Rivi- ja pientalot","Kaikkiasunnot yhteensä: /m²",NA,"2013"
"474","069 Haapajärvi","Rivi- ja pientalot","Kaikki asunnot yhteensä:Lkm",NA,"2013"
"475","069 Haapajärvi","Rivi- ja pientalot","Vapaarahoitteiset: /m²",1033,"2013"
"476","069 Haapajärvi","Rivi- ja pientalot","Vapaarahoitteiset: Lkm",23,"2013"
"477","069 Haapajärvi","Kerrostalot","Kaikkiasunnot yhteensä: /m²",NA,"2013"
"478","069 Haapajärvi","Kerrostalot","Kaikki asunnot yhteensä:Lkm",NA,"2013"
"479","069 Haapajärvi","Kerrostalot","Vapaarahoitteiset: /m²",1011,"2013"
"480","069 Haapajärvi","Kerrostalot","Vapaarahoitteiset: Lkm",17,"2013"
"481","071 Haapavesi","Yhteensä","Kaikkiasunnot yhteensä: /m²",1143,"2013"
"482","071 Haapavesi","Yhteensä","Kaikki asunnot yhteensä:Lkm",22,"2013"
"483","071 Haapavesi","Yhteensä","Vapaarahoitteiset: /m²",1165,"2013"
"484","071 Haapavesi","Yhteensä","Vapaarahoitteiset: Lkm",20,"2013"
"485","071 Haapavesi","Rivi- ja pientalot","Kaikkiasunnot yhteensä: /m²",NA,"2013"
"486","071 Haapavesi","Rivi- ja pientalot","Kaikki asunnot yhteensä:Lkm",NA,"2013"
"487","071 Haapavesi","Rivi- ja pientalot","Vapaarahoitteiset: /m²",1106,"2013"
"488","071 Haapavesi","Rivi- ja pientalot","Vapaarahoitteiset: Lkm",16,"2013"
"489","071 Haapavesi","Kerrostalot","Kaikkiasunnot yhteensä: /m²",NA,"2013"
"490","071 Haapavesi","Kerrostalot","Kaikki asunnot yhteensä:Lkm",NA,"2013"
"491","071 Haapavesi","Kerrostalot","Vapaarahoitteiset: /m²",NA,"2013"
"492","071 Haapavesi","Kerrostalot","Vapaarahoitteiset: Lkm",4,"2013"
"493","072 Hailuoto","Yhteensä","Kaikkiasunnot yhteensä: /m²",NA,"2013"
"494","072 Hailuoto","Yhteensä","Kaikki asunnot yhteensä:Lkm",NA,"2013"
"495","072 Hailuoto","Yhteensä","Vapaarahoitteiset: /m²",NA,"2013"
"496","072 Hailuoto","Yhteensä","Vapaarahoitteiset: Lkm",NA,"2013"
"497","072 Hailuoto","Rivi- ja pientalot","Kaikkiasunnot yhteensä: /m²",NA,"2013"
"498","072 Hailuoto","Rivi- ja pientalot","Kaikki asunnot yhteensä:Lkm",NA,"2013"
"499","072 Hailuoto","Rivi- ja pientalot","Vapaarahoitteiset: /m²",NA,"2013"
"500","072 Hailuoto","Rivi- ja pientalot","Vapaarahoitteiset: Lkm",NA,"2013"
"501","072 Hailuoto","Kerrostalot","Kaikkiasunnot yhteensä: /m²",NA,"2013"
"502","072 Hailuoto","Kerrostalot","Kaikki asunnot yhteensä:Lkm",NA,"2013"
"503","072 Hailuoto","Kerrostalot","Vapaarahoitteiset: /m²",NA,"2013"
"504","072 Hailuoto","Kerrostalot","Vapaarahoitteiset: Lkm",NA,"2013"
"505","074 Halsua","Yhteensä","Kaikkiasunnot yhteensä: /m²",NA,"2013"
"506","074 Halsua","Yhteensä","Kaikki asunnot yhteensä:Lkm",2,"2013"
"507","074 Halsua","Yhteensä","Vapaarahoitteiset: /m²",NA,"2013"
"508","074 Halsua","Yhteensä","Vapaarahoitteiset: Lkm",2,"2013"
"509","074 Halsua","Rivi- ja pientalot","Kaikkiasunnot yhteensä: /m²",NA,"2013"
"510","074 Halsua","Rivi- ja pientalot","Kaikki asunnot yhteensä:Lkm",NA,"2013"
"511","074 Halsua","Rivi- ja pientalot","Vapaarahoitteiset: /m²",NA,"2013"
"512","074 Halsua","Rivi- ja pientalot","Vapaarahoitteiset: Lkm",2,"2013"
"513","074 Halsua","Kerrostalot","Kaikkiasunnot yhteensä: /m²",NA,"2013"
"514","074 Halsua","Kerrostalot","Kaikki asunnot yhteensä:Lkm",NA,"2013"
"515","074 Halsua","Kerrostalot","Vapaarahoitteiset: /m²",NA,"2013"
"516","074 Halsua","Kerrostalot","Vapaarahoitteiset: Lkm",NA,"2013"
"517","075 Hamina","Yhteensä","Kaikkiasunnot yhteensä: /m²",1221,"2013"
"518","075 Hamina","Yhteensä","Kaikki asunnot yhteensä:Lkm",164,"2013"
"519","075 Hamina","Yhteensä","Vapaarahoitteiset: /m²",1192,"2013"
"520","075 Hamina","Yhteensä","Vapaarahoitteiset: Lkm",150,"2013"
"521","075 Hamina","Rivi- ja pientalot","Kaikkiasunnot yhteensä: /m²",NA,"2013"
"522","075 Hamina","Rivi- ja pientalot","Kaikki asunnot yhteensä:Lkm",NA,"2013"
"523","075 Hamina","Rivi- ja pientalot","Vapaarahoitteiset: /m²",1486,"2013"
"524","075 Hamina","Rivi- ja pientalot","Vapaarahoitteiset: Lkm",62,"2013"
"525","075 Hamina","Kerrostalot","Kaikkiasunnot yhteensä: /m²",NA,"2013"
"526","075 Hamina","Kerrostalot","Kaikki asunnot yhteensä:Lkm",NA,"2013"
"527","075 Hamina","Kerrostalot","Vapaarahoitteiset: /m²",1020,"2013"
"528","075 Hamina","Kerrostalot","Vapaarahoitteiset: Lkm",88,"2013"
"529","077 Hankasalmi","Yhteensä","Kaikkiasunnot yhteensä: /m²",870,"2013"
"530","077 Hankasalmi","Yhteensä","Kaikki asunnot yhteensä:Lkm",19,"2013"
"531","077 Hankasalmi","Yhteensä","Vapaarahoitteiset: /m²",870,"2013"
"532","077 Hankasalmi","Yhteensä","Vapaarahoitteiset: Lkm",19,"2013"
"533","077 Hankasalmi","Rivi- ja pientalot","Kaikkiasunnot yhteensä: /m²",NA,"2013"
"534","077 Hankasalmi","Rivi- ja pientalot","Kaikki asunnot yhteensä:Lkm",NA,"2013"
"535","077 Hankasalmi","Rivi- ja pientalot","Vapaarahoitteiset: /m²",892,"2013"
"536","077 Hankasalmi","Rivi- ja pientalot","Vapaarahoitteiset: Lkm",17,"2013"
"537","077 Hankasalmi","Kerrostalot","Kaikkiasunnot yhteensä: /m²",NA,"2013"
"538","077 Hankasalmi","Kerrostalot","Kaikki asunnot yhteensä:Lkm",NA,"2013"
"539","077 Hankasalmi","Kerrostalot","Vapaarahoitteiset: /m²",NA,"2013"
"540","077 Hankasalmi","Kerrostalot","Vapaarahoitteiset: Lkm",2,"2013"
"541","078 Hanko","Yhteensä","Kaikkiasunnot yhteensä: /m²",1715,"2013"
"542","078 Hanko","Yhteensä","Kaikki asunnot yhteensä:Lkm",119,"2013"
"543","078 Hanko","Yhteensä","Vapaarahoitteiset: /m²",1536,"2013"
"544","078 Hanko","Yhteensä","Vapaarahoitteiset: Lkm",90,"2013"
"545","078 Hanko","Rivi- ja pientalot","Kaikkiasunnot yhteensä: /m²",NA,"2013"
"546","078 Hanko","Rivi- ja pientalot","Kaikki asunnot yhteensä:Lkm",NA,"2013"
"547","078 Hanko","Rivi- ja pientalot","Vapaarahoitteiset: /m²",1640,"2013"
"548","078 Hanko","Rivi- ja pientalot","Vapaarahoitteiset: Lkm",25,"2013"
"549","078 Hanko","Kerrostalot","Kaikkiasunnot yhteensä: /m²",NA,"2013"
"550","078 Hanko","Kerrostalot","Kaikki asunnot yhteensä:Lkm",NA,"2013"
"551","078 Hanko","Kerrostalot","Vapaarahoitteiset: /m²",1497,"2013"
"552","078 Hanko","Kerrostalot","Vapaarahoitteiset: Lkm",65,"2013"
"553","079 Harjavalta","Yhteensä","Kaikkiasunnot yhteensä: /m²",900,"2013"
"554","079 Harjavalta","Yhteensä","Kaikki asunnot yhteensä:Lkm",60,"2013"
"555","079 Harjavalta","Yhteensä","Vapaarahoitteiset: /m²",927,"2013"
"556","079 Harjavalta","Yhteensä","Vapaarahoitteiset: Lkm",55,"2013"
"557","079 Harjavalta","Rivi- ja pientalot","Kaikkiasunnot yhteensä: /m²",NA,"2013"
"558","079 Harjavalta","Rivi- ja pientalot","Kaikki asunnot yhteensä:Lkm",NA,"2013"
"559","079 Harjavalta","Rivi- ja pientalot","Vapaarahoitteiset: /m²",958,"2013"
"560","079 Harjavalta","Rivi- ja pientalot","Vapaarahoitteiset: Lkm",33,"2013"
"561","079 Harjavalta","Kerrostalot","Kaikkiasunnot yhteensä: /m²",NA,"2013"
"562","079 Harjavalta","Kerrostalot","Kaikki asunnot yhteensä:Lkm",NA,"2013"
"563","079 Harjavalta","Kerrostalot","Vapaarahoitteiset: /m²",883,"2013"
"564","079 Harjavalta","Kerrostalot","Vapaarahoitteiset: Lkm",22,"2013"
"565","081 Hartola","Yhteensä","Kaikkiasunnot yhteensä: /m²",844,"2013"
"566","081 Hartola","Yhteensä","Kaikki asunnot yhteensä:Lkm",28,"2013"
"567","081 Hartola","Yhteensä","Vapaarahoitteiset: /m²",853,"2013"
"568","081 Hartola","Yhteensä","Vapaarahoitteiset: Lkm",25,"2013"
"569","081 Hartola","Rivi- ja pientalot","Kaikkiasunnot yhteensä: /m²",NA,"2013"
"570","081 Hartola","Rivi- ja pientalot","Kaikki asunnot yhteensä:Lkm",NA,"2013"
"571","081 Hartola","Rivi- ja pientalot","Vapaarahoitteiset: /m²",998,"2013"
"572","081 Hartola","Rivi- ja pientalot","Vapaarahoitteiset: Lkm",13,"2013"
"573","081 Hartola","Kerrostalot","Kaikkiasunnot yhteensä: /m²",NA,"2013"
"574","081 Hartola","Kerrostalot","Kaikki asunnot yhteensä:Lkm",NA,"2013"
"575","081 Hartola","Kerrostalot","Vapaarahoitteiset: /m²",719,"2013"
"576","081 Hartola","Kerrostalot","Vapaarahoitteiset: Lkm",12,"2013"
"577","082 Hattula","Yhteensä","Kaikkiasunnot yhteensä: /m²",1760,"2013"
"578","082 Hattula","Yhteensä","Kaikki asunnot yhteensä:Lkm",83,"2013"
"579","082 Hattula","Yhteensä","Vapaarahoitteiset: /m²",1770,"2013"
"580","082 Hattula","Yhteensä","Vapaarahoitteiset: Lkm",63,"2013"
"581","082 Hattula","Rivi- ja pientalot","Kaikkiasunnot yhteensä: /m²",NA,"2013"
"582","082 Hattula","Rivi- ja pientalot","Kaikki asunnot yhteensä:Lkm",NA,"2013"
"583","082 Hattula","Rivi- ja pientalot","Vapaarahoitteiset: /m²",1830,"2013"
"584","082 Hattula","Rivi- ja pientalot","Vapaarahoitteiset: Lkm",47,"2013"
"585","082 Hattula","Kerrostalot","Kaikkiasunnot yhteensä: /m²",NA,"2013"
"586","082 Hattula","Kerrostalot","Kaikki asunnot yhteensä:Lkm",NA,"2013"
"587","082 Hattula","Kerrostalot","Vapaarahoitteiset: /m²",1605,"2013"
"588","082 Hattula","Kerrostalot","Vapaarahoitteiset: Lkm",16,"2013"
"589","086 Hausjärvi","Yhteensä","Kaikkiasunnot yhteensä: /m²",1315,"2013"
"590","086 Hausjärvi","Yhteensä","Kaikki asunnot yhteensä:Lkm",42,"2013"
"591","086 Hausjärvi","Yhteensä","Vapaarahoitteiset: /m²",1226,"2013"
"592","086 Hausjärvi","Yhteensä","Vapaarahoitteiset: Lkm",35,"2013"
"593","086 Hausjärvi","Rivi- ja pientalot","Kaikkiasunnot yhteensä: /m²",NA,"2013"
"594","086 Hausjärvi","Rivi- ja pientalot","Kaikki asunnot yhteensä:Lkm",NA,"2013"
"595","086 Hausjärvi","Rivi- ja pientalot","Vapaarahoitteiset: /m²",1399,"2013"
"596","086 Hausjärvi","Rivi- ja pientalot","Vapaarahoitteiset: Lkm",24,"2013"
"597","086 Hausjärvi","Kerrostalot","Kaikkiasunnot yhteensä: /m²",NA,"2013"
"598","086 Hausjärvi","Kerrostalot","Kaikki asunnot yhteensä:Lkm",NA,"2013"
"599","086 Hausjärvi","Kerrostalot","Vapaarahoitteiset: /m²",919,"2013"
"600","086 Hausjärvi","Kerrostalot","Vapaarahoitteiset: Lkm",11,"2013"
"601","090 Heinävesi","Yhteensä","Kaikkiasunnot yhteensä: /m²",784,"2013"
"602","090 Heinävesi","Yhteensä","Kaikki asunnot yhteensä:Lkm",10,"2013"
"603","090 Heinävesi","Yhteensä","Vapaarahoitteiset: /m²",769,"2013"
"604","090 Heinävesi","Yhteensä","Vapaarahoitteiset: Lkm",8,"2013"
"605","090 Heinävesi","Rivi- ja pientalot","Kaikkiasunnot yhteensä: /m²",NA,"2013"
"606","090 Heinävesi","Rivi- ja pientalot","Kaikki asunnot yhteensä:Lkm",NA,"2013"
"607","090 Heinävesi","Rivi- ja pientalot","Vapaarahoitteiset: /m²",790,"2013"
"608","090 Heinävesi","Rivi- ja pientalot","Vapaarahoitteiset: Lkm",7,"2013"
"609","090 Heinävesi","Kerrostalot","Kaikkiasunnot yhteensä: /m²",NA,"2013"
"610","090 Heinävesi","Kerrostalot","Kaikki asunnot yhteensä:Lkm",NA,"2013"
"611","090 Heinävesi","Kerrostalot","Vapaarahoitteiset: /m²",NA,"2013"
"612","090 Heinävesi","Kerrostalot","Vapaarahoitteiset: Lkm",1,"2013"
"613","091 Helsinki","Yhteensä","Kaikkiasunnot yhteensä: /m²",4120,"2013"
"614","091 Helsinki","Yhteensä","Kaikki asunnot yhteensä:Lkm",10277,"2013"
"615","091 Helsinki","Yhteensä","Vapaarahoitteiset: /m²",4182,"2013"
"616","091 Helsinki","Yhteensä","Vapaarahoitteiset: Lkm",8732,"2013"
"617","091 Helsinki","Rivi- ja pientalot","Kaikkiasunnot yhteensä: /m²",NA,"2013"
"618","091 Helsinki","Rivi- ja pientalot","Kaikki asunnot yhteensä:Lkm",NA,"2013"
"619","091 Helsinki","Rivi- ja pientalot","Vapaarahoitteiset: /m²",3387,"2013"
"620","091 Helsinki","Rivi- ja pientalot","Vapaarahoitteiset: Lkm",751,"2013"
"621","091 Helsinki","Kerrostalot","Kaikkiasunnot yhteensä: /m²",NA,"2013"
"622","091 Helsinki","Kerrostalot","Kaikki asunnot yhteensä:Lkm",NA,"2013"
"623","091 Helsinki","Kerrostalot","Vapaarahoitteiset: /m²",4266,"2013"
"624","091 Helsinki","Kerrostalot","Vapaarahoitteiset: Lkm",7981,"2013"
"625","092 Vantaa","Yhteensä","Kaikkiasunnot yhteensä: /m²",2722,"2013"
"626","092 Vantaa","Yhteensä","Kaikki asunnot yhteensä:Lkm",3147,"2013"
"627","092 Vantaa","Yhteensä","Vapaarahoitteiset: /m²",2620,"2013"
"628","092 Vantaa","Yhteensä","Vapaarahoitteiset: Lkm",2707,"2013"
"629","092 Vantaa","Rivi- ja pientalot","Kaikkiasunnot yhteensä: /m²",NA,"2013"
"630","092 Vantaa","Rivi- ja pientalot","Kaikki asunnot yhteensä:Lkm",NA,"2013"
"631","092 Vantaa","Rivi- ja pientalot","Vapaarahoitteiset: /m²",2885,"2013"
"632","092 Vantaa","Rivi- ja pientalot","Vapaarahoitteiset: Lkm",713,"2013"
"633","092 Vantaa","Kerrostalot","Kaikkiasunnot yhteensä: /m²",NA,"2013"
"634","092 Vantaa","Kerrostalot","Kaikki asunnot yhteensä:Lkm",NA,"2013"
"635","092 Vantaa","Kerrostalot","Vapaarahoitteiset: /m²",2532,"2013"
"636","092 Vantaa","Kerrostalot","Vapaarahoitteiset: Lkm",1994,"2013"
"637","097 Hirvensalmi","Yhteensä","Kaikkiasunnot yhteensä: /m²",1354,"2013"
"638","097 Hirvensalmi","Yhteensä","Kaikki asunnot yhteensä:Lkm",6,"2013"
"639","097 Hirvensalmi","Yhteensä","Vapaarahoitteiset: /m²",NA,"2013"
"640","097 Hirvensalmi","Yhteensä","Vapaarahoitteiset: Lkm",4,"2013"
"641","097 Hirvensalmi","Rivi- ja pientalot","Kaikkiasunnot yhteensä: /m²",NA,"2013"
"642","097 Hirvensalmi","Rivi- ja pientalot","Kaikki asunnot yhteensä:Lkm",NA,"2013"
"643","097 Hirvensalmi","Rivi- ja pientalot","Vapaarahoitteiset: /m²",NA,"2013"
"644","097 Hirvensalmi","Rivi- ja pientalot","Vapaarahoitteiset: Lkm",3,"2013"
"645","097 Hirvensalmi","Kerrostalot","Kaikkiasunnot yhteensä: /m²",NA,"2013"
"646","097 Hirvensalmi","Kerrostalot","Kaikki asunnot yhteensä:Lkm",NA,"2013"
"647","097 Hirvensalmi","Kerrostalot","Vapaarahoitteiset: /m²",NA,"2013"
"648","097 Hirvensalmi","Kerrostalot","Vapaarahoitteiset: Lkm",1,"2013"
"649","098 Hollola","Yhteensä","Kaikkiasunnot yhteensä: /m²",1278,"2013"
"650","098 Hollola","Yhteensä","Kaikki asunnot yhteensä:Lkm",259,"2013"
"651","098 Hollola","Yhteensä","Vapaarahoitteiset: /m²",1348,"2013"
"652","098 Hollola","Yhteensä","Vapaarahoitteiset: Lkm",173,"2013"
"653","098 Hollola","Rivi- ja pientalot","Kaikkiasunnot yhteensä: /m²",NA,"2013"
"654","098 Hollola","Rivi- ja pientalot","Kaikki asunnot yhteensä:Lkm",NA,"2013"
"655","098 Hollola","Rivi- ja pientalot","Vapaarahoitteiset: /m²",1814,"2013"
"656","098 Hollola","Rivi- ja pientalot","Vapaarahoitteiset: Lkm",57,"2013"
"657","098 Hollola","Kerrostalot","Kaikkiasunnot yhteensä: /m²",NA,"2013"
"658","098 Hollola","Kerrostalot","Kaikki asunnot yhteensä:Lkm",NA,"2013"
"659","098 Hollola","Kerrostalot","Vapaarahoitteiset: /m²",1165,"2013"
"660","098 Hollola","Kerrostalot","Vapaarahoitteiset: Lkm",116,"2013"
"661","099 Honkajoki","Yhteensä","Kaikkiasunnot yhteensä: /m²",986,"2013"
"662","099 Honkajoki","Yhteensä","Kaikki asunnot yhteensä:Lkm",6,"2013"
"663","099 Honkajoki","Yhteensä","Vapaarahoitteiset: /m²",NA,"2013"
"664","099 Honkajoki","Yhteensä","Vapaarahoitteiset: Lkm",4,"2013"
"665","099 Honkajoki","Rivi- ja pientalot","Kaikkiasunnot yhteensä: /m²",NA,"2013"
"666","099 Honkajoki","Rivi- ja pientalot","Kaikki asunnot yhteensä:Lkm",NA,"2013"
"667","099 Honkajoki","Rivi- ja pientalot","Vapaarahoitteiset: /m²",NA,"2013"
"668","099 Honkajoki","Rivi- ja pientalot","Vapaarahoitteiset: Lkm",4,"2013"
"669","099 Honkajoki","Kerrostalot","Kaikkiasunnot yhteensä: /m²",NA,"2013"
"670","099 Honkajoki","Kerrostalot","Kaikki asunnot yhteensä:Lkm",NA,"2013"
"671","099 Honkajoki","Kerrostalot","Vapaarahoitteiset: /m²",NA,"2013"
"672","099 Honkajoki","Kerrostalot","Vapaarahoitteiset: Lkm",NA,"2013"
"673","102 Huittinen","Yhteensä","Kaikkiasunnot yhteensä: /m²",1101,"2013"
"674","102 Huittinen","Yhteensä","Kaikki asunnot yhteensä:Lkm",123,"2013"
"675","102 Huittinen","Yhteensä","Vapaarahoitteiset: /m²",1058,"2013"
"676","102 Huittinen","Yhteensä","Vapaarahoitteiset: Lkm",112,"2013"
"677","102 Huittinen","Rivi- ja pientalot","Kaikkiasunnot yhteensä: /m²",NA,"2013"
"678","102 Huittinen","Rivi- ja pientalot","Kaikki asunnot yhteensä:Lkm",NA,"2013"
"679","102 Huittinen","Rivi- ja pientalot","Vapaarahoitteiset: /m²",1238,"2013"
"680","102 Huittinen","Rivi- ja pientalot","Vapaarahoitteiset: Lkm",50,"2013"
"681","102 Huittinen","Kerrostalot","Kaikkiasunnot yhteensä: /m²",NA,"2013"
"682","102 Huittinen","Kerrostalot","Kaikki asunnot yhteensä:Lkm",NA,"2013"
"683","102 Huittinen","Kerrostalot","Vapaarahoitteiset: /m²",931,"2013"
"684","102 Huittinen","Kerrostalot","Vapaarahoitteiset: Lkm",62,"2013"
"685","103 Humppila","Yhteensä","Kaikkiasunnot yhteensä: /m²",747,"2013"
"686","103 Humppila","Yhteensä","Kaikki asunnot yhteensä:Lkm",14,"2013"
"687","103 Humppila","Yhteensä","Vapaarahoitteiset: /m²",788,"2013"
"688","103 Humppila","Yhteensä","Vapaarahoitteiset: Lkm",12,"2013"
"689","103 Humppila","Rivi- ja pientalot","Kaikkiasunnot yhteensä: /m²",NA,"2013"
"690","103 Humppila","Rivi- ja pientalot","Kaikki asunnot yhteensä:Lkm",NA,"2013"
"691","103 Humppila","Rivi- ja pientalot","Vapaarahoitteiset: /m²",NA,"2013"
"692","103 Humppila","Rivi- ja pientalot","Vapaarahoitteiset: Lkm",4,"2013"
"693","103 Humppila","Kerrostalot","Kaikkiasunnot yhteensä: /m²",NA,"2013"
"694","103 Humppila","Kerrostalot","Kaikki asunnot yhteensä:Lkm",NA,"2013"
"695","103 Humppila","Kerrostalot","Vapaarahoitteiset: /m²",678,"2013"
"696","103 Humppila","Kerrostalot","Vapaarahoitteiset: Lkm",8,"2013"
"697","105 Hyrynsalmi","Yhteensä","Kaikkiasunnot yhteensä: /m²",NA,"2013"
"698","105 Hyrynsalmi","Yhteensä","Kaikki asunnot yhteensä:Lkm",NA,"2013"
"699","105 Hyrynsalmi","Yhteensä","Vapaarahoitteiset: /m²",NA,"2013"
"700","105 Hyrynsalmi","Yhteensä","Vapaarahoitteiset: Lkm",NA,"2013"
"701","105 Hyrynsalmi","Rivi- ja pientalot","Kaikkiasunnot yhteensä: /m²",NA,"2013"
"702","105 Hyrynsalmi","Rivi- ja pientalot","Kaikki asunnot yhteensä:Lkm",NA,"2013"
"703","105 Hyrynsalmi","Rivi- ja pientalot","Vapaarahoitteiset: /m²",NA,"2013"
"704","105 Hyrynsalmi","Rivi- ja pientalot","Vapaarahoitteiset: Lkm",NA,"2013"
"705","105 Hyrynsalmi","Kerrostalot","Kaikkiasunnot yhteensä: /m²",NA,"2013"
"706","105 Hyrynsalmi","Kerrostalot","Kaikki asunnot yhteensä:Lkm",NA,"2013"
"707","105 Hyrynsalmi","Kerrostalot","Vapaarahoitteiset: /m²",NA,"2013"
"708","105 Hyrynsalmi","Kerrostalot","Vapaarahoitteiset: Lkm",NA,"2013"
"709","106 Hyvinkää","Yhteensä","Kaikkiasunnot yhteensä: /m²",1866,"2013"
"710","106 Hyvinkää","Yhteensä","Kaikki asunnot yhteensä:Lkm",892,"2013"
"711","106 Hyvinkää","Yhteensä","Vapaarahoitteiset: /m²",1992,"2013"
"712","106 Hyvinkää","Yhteensä","Vapaarahoitteiset: Lkm",640,"2013"
"713","106 Hyvinkää","Rivi- ja pientalot","Kaikkiasunnot yhteensä: /m²",NA,"2013"
"714","106 Hyvinkää","Rivi- ja pientalot","Kaikki asunnot yhteensä:Lkm",NA,"2013"
"715","106 Hyvinkää","Rivi- ja pientalot","Vapaarahoitteiset: /m²",2116,"2013"
"716","106 Hyvinkää","Rivi- ja pientalot","Vapaarahoitteiset: Lkm",196,"2013"
"717","106 Hyvinkää","Kerrostalot","Kaikkiasunnot yhteensä: /m²",NA,"2013"
"718","106 Hyvinkää","Kerrostalot","Kaikki asunnot yhteensä:Lkm",NA,"2013"
"719","106 Hyvinkää","Kerrostalot","Vapaarahoitteiset: /m²",1940,"2013"
"720","106 Hyvinkää","Kerrostalot","Vapaarahoitteiset: Lkm",444,"2013"
"721","108 Hämeenkyrö","Yhteensä","Kaikkiasunnot yhteensä: /m²",1352,"2013"
"722","108 Hämeenkyrö","Yhteensä","Kaikki asunnot yhteensä:Lkm",91,"2013"
"723","108 Hämeenkyrö","Yhteensä","Vapaarahoitteiset: /m²",1238,"2013"
"724","108 Hämeenkyrö","Yhteensä","Vapaarahoitteiset: Lkm",71,"2013"
"725","108 Hämeenkyrö","Rivi- ja pientalot","Kaikkiasunnot yhteensä: /m²",NA,"2013"
"726","108 Hämeenkyrö","Rivi- ja pientalot","Kaikki asunnot yhteensä:Lkm",NA,"2013"
"727","108 Hämeenkyrö","Rivi- ja pientalot","Vapaarahoitteiset: /m²",1302,"2013"
"728","108 Hämeenkyrö","Rivi- ja pientalot","Vapaarahoitteiset: Lkm",42,"2013"
"729","108 Hämeenkyrö","Kerrostalot","Kaikkiasunnot yhteensä: /m²",NA,"2013"
"730","108 Hämeenkyrö","Kerrostalot","Kaikki asunnot yhteensä:Lkm",NA,"2013"
"731","108 Hämeenkyrö","Kerrostalot","Vapaarahoitteiset: /m²",1150,"2013"
"732","108 Hämeenkyrö","Kerrostalot","Vapaarahoitteiset: Lkm",29,"2013"
"733","109 Hämeenlinna","Yhteensä","Kaikkiasunnot yhteensä: /m²",1978,"2013"
"734","109 Hämeenlinna","Yhteensä","Kaikki asunnot yhteensä:Lkm",1054,"2013"
"735","109 Hämeenlinna","Yhteensä","Vapaarahoitteiset: /m²",1894,"2013"
"736","109 Hämeenlinna","Yhteensä","Vapaarahoitteiset: Lkm",861,"2013"
"737","109 Hämeenlinna","Rivi- ja pientalot","Kaikkiasunnot yhteensä: /m²",NA,"2013"
"738","109 Hämeenlinna","Rivi- ja pientalot","Kaikki asunnot yhteensä:Lkm",NA,"2013"
"739","109 Hämeenlinna","Rivi- ja pientalot","Vapaarahoitteiset: /m²",1850,"2013"
"740","109 Hämeenlinna","Rivi- ja pientalot","Vapaarahoitteiset: Lkm",309,"2013"
"741","109 Hämeenlinna","Kerrostalot","Kaikkiasunnot yhteensä: /m²",NA,"2013"
"742","109 Hämeenlinna","Kerrostalot","Kaikki asunnot yhteensä:Lkm",NA,"2013"
"743","109 Hämeenlinna","Kerrostalot","Vapaarahoitteiset: /m²",1919,"2013"
"744","109 Hämeenlinna","Kerrostalot","Vapaarahoitteiset: Lkm",552,"2013"
"745","111 Heinola","Yhteensä","Kaikkiasunnot yhteensä: /m²",1163,"2013"
"746","111 Heinola","Yhteensä","Kaikki asunnot yhteensä:Lkm",282,"2013"
"747","111 Heinola","Yhteensä","Vapaarahoitteiset: /m²",1078,"2013"
"748","111 Heinola","Yhteensä","Vapaarahoitteiset: Lkm",245,"2013"
"749","111 Heinola","Rivi- ja pientalot","Kaikkiasunnot yhteensä: /m²",NA,"2013"
"750","111 Heinola","Rivi- ja pientalot","Kaikki asunnot yhteensä:Lkm",NA,"2013"
"751","111 Heinola","Rivi- ja pientalot","Vapaarahoitteiset: /m²",1373,"2013"
"752","111 Heinola","Rivi- ja pientalot","Vapaarahoitteiset: Lkm",55,"2013"
"753","111 Heinola","Kerrostalot","Kaikkiasunnot yhteensä: /m²",NA,"2013"
"754","111 Heinola","Kerrostalot","Kaikki asunnot yhteensä:Lkm",NA,"2013"
"755","111 Heinola","Kerrostalot","Vapaarahoitteiset: /m²",1005,"2013"
"756","111 Heinola","Kerrostalot","Vapaarahoitteiset: Lkm",190,"2013"
"757","139 Ii","Yhteensä","Kaikkiasunnot yhteensä: /m²",1097,"2013"
"758","139 Ii","Yhteensä","Kaikki asunnot yhteensä:Lkm",29,"2013"
"759","139 Ii","Yhteensä","Vapaarahoitteiset: /m²",1062,"2013"
"760","139 Ii","Yhteensä","Vapaarahoitteiset: Lkm",13,"2013"
"761","139 Ii","Rivi- ja pientalot","Kaikkiasunnot yhteensä: /m²",NA,"2013"
"762","139 Ii","Rivi- ja pientalot","Kaikki asunnot yhteensä:Lkm",NA,"2013"
"763","139 Ii","Rivi- ja pientalot","Vapaarahoitteiset: /m²",1062,"2013"
"764","139 Ii","Rivi- ja pientalot","Vapaarahoitteiset: Lkm",13,"2013"
"765","139 Ii","Kerrostalot","Kaikkiasunnot yhteensä: /m²",NA,"2013"
"766","139 Ii","Kerrostalot","Kaikki asunnot yhteensä:Lkm",NA,"2013"
"767","139 Ii","Kerrostalot","Vapaarahoitteiset: /m²",NA,"2013"
"768","139 Ii","Kerrostalot","Vapaarahoitteiset: Lkm",NA,"2013"
"769","140 Iisalmi","Yhteensä","Kaikkiasunnot yhteensä: /m²",1502,"2013"
"770","140 Iisalmi","Yhteensä","Kaikki asunnot yhteensä:Lkm",225,"2013"
"771","140 Iisalmi","Yhteensä","Vapaarahoitteiset: /m²",1476,"2013"
"772","140 Iisalmi","Yhteensä","Vapaarahoitteiset: Lkm",210,"2013"
"773","140 Iisalmi","Rivi- ja pientalot","Kaikkiasunnot yhteensä: /m²",NA,"2013"
"774","140 Iisalmi","Rivi- ja pientalot","Kaikki asunnot yhteensä:Lkm",NA,"2013"
"775","140 Iisalmi","Rivi- ja pientalot","Vapaarahoitteiset: /m²",1641,"2013"
"776","140 Iisalmi","Rivi- ja pientalot","Vapaarahoitteiset: Lkm",60,"2013"
"777","140 Iisalmi","Kerrostalot","Kaikkiasunnot yhteensä: /m²",NA,"2013"
"778","140 Iisalmi","Kerrostalot","Kaikki asunnot yhteensä:Lkm",NA,"2013"
"779","140 Iisalmi","Kerrostalot","Vapaarahoitteiset: /m²",1414,"2013"
"780","140 Iisalmi","Kerrostalot","Vapaarahoitteiset: Lkm",150,"2013"
"781","142 Iitti","Yhteensä","Kaikkiasunnot yhteensä: /m²",1208,"2013"
"782","142 Iitti","Yhteensä","Kaikki asunnot yhteensä:Lkm",41,"2013"
"783","142 Iitti","Yhteensä","Vapaarahoitteiset: /m²",1176,"2013"
"784","142 Iitti","Yhteensä","Vapaarahoitteiset: Lkm",36,"2013"
"785","142 Iitti","Rivi- ja pientalot","Kaikkiasunnot yhteensä: /m²",NA,"2013"
"786","142 Iitti","Rivi- ja pientalot","Kaikki asunnot yhteensä:Lkm",NA,"2013"
"787","142 Iitti","Rivi- ja pientalot","Vapaarahoitteiset: /m²",1231,"2013"
"788","142 Iitti","Rivi- ja pientalot","Vapaarahoitteiset: Lkm",26,"2013"
"789","142 Iitti","Kerrostalot","Kaikkiasunnot yhteensä: /m²",NA,"2013"
"790","142 Iitti","Kerrostalot","Kaikki asunnot yhteensä:Lkm",NA,"2013"
"791","142 Iitti","Kerrostalot","Vapaarahoitteiset: /m²",1044,"2013"
"792","142 Iitti","Kerrostalot","Vapaarahoitteiset: Lkm",10,"2013"
"793","143 Ikaalinen","Yhteensä","Kaikkiasunnot yhteensä: /m²",1318,"2013"
"794","143 Ikaalinen","Yhteensä","Kaikki asunnot yhteensä:Lkm",65,"2013"
"795","143 Ikaalinen","Yhteensä","Vapaarahoitteiset: /m²",1305,"2013"
"796","143 Ikaalinen","Yhteensä","Vapaarahoitteiset: Lkm",47,"2013"
"797","143 Ikaalinen","Rivi- ja pientalot","Kaikkiasunnot yhteensä: /m²",NA,"2013"
"798","143 Ikaalinen","Rivi- ja pientalot","Kaikki asunnot yhteensä:Lkm",NA,"2013"
"799","143 Ikaalinen","Rivi- ja pientalot","Vapaarahoitteiset: /m²",1367,"2013"
"800","143 Ikaalinen","Rivi- ja pientalot","Vapaarahoitteiset: Lkm",15,"2013"
"801","143 Ikaalinen","Kerrostalot","Kaikkiasunnot yhteensä: /m²",NA,"2013"
"802","143 Ikaalinen","Kerrostalot","Kaikki asunnot yhteensä:Lkm",NA,"2013"
"803","143 Ikaalinen","Kerrostalot","Vapaarahoitteiset: /m²",1277,"2013"
"804","143 Ikaalinen","Kerrostalot","Vapaarahoitteiset: Lkm",32,"2013"
"805","145 Ilmajoki","Yhteensä","Kaikkiasunnot yhteensä: /m²",1790,"2013"
"806","145 Ilmajoki","Yhteensä","Kaikki asunnot yhteensä:Lkm",65,"2013"
"807","145 Ilmajoki","Yhteensä","Vapaarahoitteiset: /m²",1473,"2013"
"808","145 Ilmajoki","Yhteensä","Vapaarahoitteiset: Lkm",34,"2013"
"809","145 Ilmajoki","Rivi- ja pientalot","Kaikkiasunnot yhteensä: /m²",NA,"2013"
"810","145 Ilmajoki","Rivi- ja pientalot","Kaikki asunnot yhteensä:Lkm",NA,"2013"
"811","145 Ilmajoki","Rivi- ja pientalot","Vapaarahoitteiset: /m²",1470,"2013"
"812","145 Ilmajoki","Rivi- ja pientalot","Vapaarahoitteiset: Lkm",32,"2013"
"813","145 Ilmajoki","Kerrostalot","Kaikkiasunnot yhteensä: /m²",NA,"2013"
"814","145 Ilmajoki","Kerrostalot","Kaikki asunnot yhteensä:Lkm",NA,"2013"
"815","145 Ilmajoki","Kerrostalot","Vapaarahoitteiset: /m²",NA,"2013"
"816","145 Ilmajoki","Kerrostalot","Vapaarahoitteiset: Lkm",2,"2013"
"817","146 Ilomantsi","Yhteensä","Kaikkiasunnot yhteensä: /m²",1011,"2013"
"818","146 Ilomantsi","Yhteensä","Kaikki asunnot yhteensä:Lkm",33,"2013"
"819","146 Ilomantsi","Yhteensä","Vapaarahoitteiset: /m²",804,"2013"
"820","146 Ilomantsi","Yhteensä","Vapaarahoitteiset: Lkm",27,"2013"
"821","146 Ilomantsi","Rivi- ja pientalot","Kaikkiasunnot yhteensä: /m²",NA,"2013"
"822","146 Ilomantsi","Rivi- ja pientalot","Kaikki asunnot yhteensä:Lkm",NA,"2013"
"823","146 Ilomantsi","Rivi- ja pientalot","Vapaarahoitteiset: /m²",803,"2013"
"824","146 Ilomantsi","Rivi- ja pientalot","Vapaarahoitteiset: Lkm",17,"2013"
"825","146 Ilomantsi","Kerrostalot","Kaikkiasunnot yhteensä: /m²",NA,"2013"
"826","146 Ilomantsi","Kerrostalot","Kaikki asunnot yhteensä:Lkm",NA,"2013"
"827","146 Ilomantsi","Kerrostalot","Vapaarahoitteiset: /m²",805,"2013"
"828","146 Ilomantsi","Kerrostalot","Vapaarahoitteiset: Lkm",10,"2013"
"829","148 Inari","Yhteensä","Kaikkiasunnot yhteensä: /m²",1839,"2013"
"830","148 Inari","Yhteensä","Kaikki asunnot yhteensä:Lkm",45,"2013"
"831","148 Inari","Yhteensä","Vapaarahoitteiset: /m²",934,"2013"
"832","148 Inari","Yhteensä","Vapaarahoitteiset: Lkm",10,"2013"
"833","148 Inari","Rivi- ja pientalot","Kaikkiasunnot yhteensä: /m²",NA,"2013"
"834","148 Inari","Rivi- ja pientalot","Kaikki asunnot yhteensä:Lkm",NA,"2013"
"835","148 Inari","Rivi- ja pientalot","Vapaarahoitteiset: /m²",934,"2013"
"836","148 Inari","Rivi- ja pientalot","Vapaarahoitteiset: Lkm",10,"2013"
"837","148 Inari","Kerrostalot","Kaikkiasunnot yhteensä: /m²",NA,"2013"
"838","148 Inari","Kerrostalot","Kaikki asunnot yhteensä:Lkm",NA,"2013"
"839","148 Inari","Kerrostalot","Vapaarahoitteiset: /m²",NA,"2013"
"840","148 Inari","Kerrostalot","Vapaarahoitteiset: Lkm",NA,"2013"
"841","149 Inkoo","Yhteensä","Kaikkiasunnot yhteensä: /m²",1662,"2013"
"842","149 Inkoo","Yhteensä","Kaikki asunnot yhteensä:Lkm",19,"2013"
"843","149 Inkoo","Yhteensä","Vapaarahoitteiset: /m²",1633,"2013"
"844","149 Inkoo","Yhteensä","Vapaarahoitteiset: Lkm",15,"2013"
"845","149 Inkoo","Rivi- ja pientalot","Kaikkiasunnot yhteensä: /m²",NA,"2013"
"846","149 Inkoo","Rivi- ja pientalot","Kaikki asunnot yhteensä:Lkm",NA,"2013"
"847","149 Inkoo","Rivi- ja pientalot","Vapaarahoitteiset: /m²",1650,"2013"
"848","149 Inkoo","Rivi- ja pientalot","Vapaarahoitteiset: Lkm",10,"2013"
"849","149 Inkoo","Kerrostalot","Kaikkiasunnot yhteensä: /m²",NA,"2013"
"850","149 Inkoo","Kerrostalot","Kaikki asunnot yhteensä:Lkm",NA,"2013"
"851","149 Inkoo","Kerrostalot","Vapaarahoitteiset: /m²",1599,"2013"
"852","149 Inkoo","Kerrostalot","Vapaarahoitteiset: Lkm",5,"2013"
"853","151 Isojoki","Yhteensä","Kaikkiasunnot yhteensä: /m²",NA,"2013"
"854","151 Isojoki","Yhteensä","Kaikki asunnot yhteensä:Lkm",4,"2013"
"855","151 Isojoki","Yhteensä","Vapaarahoitteiset: /m²",NA,"2013"
"856","151 Isojoki","Yhteensä","Vapaarahoitteiset: Lkm",4,"2013"
"857","151 Isojoki","Rivi- ja pientalot","Kaikkiasunnot yhteensä: /m²",NA,"2013"
"858","151 Isojoki","Rivi- ja pientalot","Kaikki asunnot yhteensä:Lkm",NA,"2013"
"859","151 Isojoki","Rivi- ja pientalot","Vapaarahoitteiset: /m²",NA,"2013"
"860","151 Isojoki","Rivi- ja pientalot","Vapaarahoitteiset: Lkm",4,"2013"
"861","151 Isojoki","Kerrostalot","Kaikkiasunnot yhteensä: /m²",NA,"2013"
"862","151 Isojoki","Kerrostalot","Kaikki asunnot yhteensä:Lkm",NA,"2013"
"863","151 Isojoki","Kerrostalot","Vapaarahoitteiset: /m²",NA,"2013"
"864","151 Isojoki","Kerrostalot","Vapaarahoitteiset: Lkm",NA,"2013"
"865","152 Isokyrö","Yhteensä","Kaikkiasunnot yhteensä: /m²",955,"2013"
"866","152 Isokyrö","Yhteensä","Kaikki asunnot yhteensä:Lkm",15,"2013"
"867","152 Isokyrö","Yhteensä","Vapaarahoitteiset: /m²",861,"2013"
"868","152 Isokyrö","Yhteensä","Vapaarahoitteiset: Lkm",12,"2013"
"869","152 Isokyrö","Rivi- ja pientalot","Kaikkiasunnot yhteensä: /m²",NA,"2013"
"870","152 Isokyrö","Rivi- ja pientalot","Kaikki asunnot yhteensä:Lkm",NA,"2013"
"871","152 Isokyrö","Rivi- ja pientalot","Vapaarahoitteiset: /m²",960,"2013"
"872","152 Isokyrö","Rivi- ja pientalot","Vapaarahoitteiset: Lkm",8,"2013"
"873","152 Isokyrö","Kerrostalot","Kaikkiasunnot yhteensä: /m²",NA,"2013"
"874","152 Isokyrö","Kerrostalot","Kaikki asunnot yhteensä:Lkm",NA,"2013"
"875","152 Isokyrö","Kerrostalot","Vapaarahoitteiset: /m²",NA,"2013"
"876","152 Isokyrö","Kerrostalot","Vapaarahoitteiset: Lkm",4,"2013"
"877","153 Imatra","Yhteensä","Kaikkiasunnot yhteensä: /m²",1106,"2013"
"878","153 Imatra","Yhteensä","Kaikki asunnot yhteensä:Lkm",343,"2013"
"879","153 Imatra","Yhteensä","Vapaarahoitteiset: /m²",1076,"2013"
"880","153 Imatra","Yhteensä","Vapaarahoitteiset: Lkm",290,"2013"
"881","153 Imatra","Rivi- ja pientalot","Kaikkiasunnot yhteensä: /m²",NA,"2013"
"882","153 Imatra","Rivi- ja pientalot","Kaikki asunnot yhteensä:Lkm",NA,"2013"
"883","153 Imatra","Rivi- ja pientalot","Vapaarahoitteiset: /m²",1257,"2013"
"884","153 Imatra","Rivi- ja pientalot","Vapaarahoitteiset: Lkm",80,"2013"
"885","153 Imatra","Kerrostalot","Kaikkiasunnot yhteensä: /m²",NA,"2013"
"886","153 Imatra","Kerrostalot","Kaikki asunnot yhteensä:Lkm",NA,"2013"
"887","153 Imatra","Kerrostalot","Vapaarahoitteiset: /m²",1014,"2013"
"888","153 Imatra","Kerrostalot","Vapaarahoitteiset: Lkm",210,"2013"
"889","164 Jalasjärvi","Yhteensä","Kaikkiasunnot yhteensä: /m²",894,"2013"
"890","164 Jalasjärvi","Yhteensä","Kaikki asunnot yhteensä:Lkm",43,"2013"
"891","164 Jalasjärvi","Yhteensä","Vapaarahoitteiset: /m²",900,"2013"
"892","164 Jalasjärvi","Yhteensä","Vapaarahoitteiset: Lkm",38,"2013"
"893","164 Jalasjärvi","Rivi- ja pientalot","Kaikkiasunnot yhteensä: /m²",NA,"2013"
"894","164 Jalasjärvi","Rivi- ja pientalot","Kaikki asunnot yhteensä:Lkm",NA,"2013"
"895","164 Jalasjärvi","Rivi- ja pientalot","Vapaarahoitteiset: /m²",1012,"2013"
"896","164 Jalasjärvi","Rivi- ja pientalot","Vapaarahoitteiset: Lkm",29,"2013"
"897","164 Jalasjärvi","Kerrostalot","Kaikkiasunnot yhteensä: /m²",NA,"2013"
"898","164 Jalasjärvi","Kerrostalot","Kaikki asunnot yhteensä:Lkm",NA,"2013"
"899","164 Jalasjärvi","Kerrostalot","Vapaarahoitteiset: /m²",616,"2013"
"900","164 Jalasjärvi","Kerrostalot","Vapaarahoitteiset: Lkm",9,"2013"
"901","165 Janakkala","Yhteensä","Kaikkiasunnot yhteensä: /m²",1342,"2013"
"902","165 Janakkala","Yhteensä","Kaikki asunnot yhteensä:Lkm",181,"2013"
"903","165 Janakkala","Yhteensä","Vapaarahoitteiset: /m²",1319,"2013"
"904","165 Janakkala","Yhteensä","Vapaarahoitteiset: Lkm",160,"2013"
"905","165 Janakkala","Rivi- ja pientalot","Kaikkiasunnot yhteensä: /m²",NA,"2013"
"906","165 Janakkala","Rivi- ja pientalot","Kaikki asunnot yhteensä:Lkm",NA,"2013"
"907","165 Janakkala","Rivi- ja pientalot","Vapaarahoitteiset: /m²",1637,"2013"
"908","165 Janakkala","Rivi- ja pientalot","Vapaarahoitteiset: Lkm",70,"2013"
"909","165 Janakkala","Kerrostalot","Kaikkiasunnot yhteensä: /m²",NA,"2013"
"910","165 Janakkala","Kerrostalot","Kaikki asunnot yhteensä:Lkm",NA,"2013"
"911","165 Janakkala","Kerrostalot","Vapaarahoitteiset: /m²",1115,"2013"
"912","165 Janakkala","Kerrostalot","Vapaarahoitteiset: Lkm",90,"2013"
"913","167 Joensuu","Yhteensä","Kaikkiasunnot yhteensä: /m²",2069,"2013"
"914","167 Joensuu","Yhteensä","Kaikki asunnot yhteensä:Lkm",1003,"2013"
"915","167 Joensuu","Yhteensä","Vapaarahoitteiset: /m²",1973,"2013"
"916","167 Joensuu","Yhteensä","Vapaarahoitteiset: Lkm",816,"2013"
"917","167 Joensuu","Rivi- ja pientalot","Kaikkiasunnot yhteensä: /m²",NA,"2013"
"918","167 Joensuu","Rivi- ja pientalot","Kaikki asunnot yhteensä:Lkm",NA,"2013"
"919","167 Joensuu","Rivi- ja pientalot","Vapaarahoitteiset: /m²",1681,"2013"
"920","167 Joensuu","Rivi- ja pientalot","Vapaarahoitteiset: Lkm",346,"2013"
"921","167 Joensuu","Kerrostalot","Kaikkiasunnot yhteensä: /m²",NA,"2013"
"922","167 Joensuu","Kerrostalot","Kaikki asunnot yhteensä:Lkm",NA,"2013"
"923","167 Joensuu","Kerrostalot","Vapaarahoitteiset: /m²",2219,"2013"
"924","167 Joensuu","Kerrostalot","Vapaarahoitteiset: Lkm",470,"2013"
"925","169 Jokioinen","Yhteensä","Kaikkiasunnot yhteensä: /m²",1309,"2013"
"926","169 Jokioinen","Yhteensä","Kaikki asunnot yhteensä:Lkm",29,"2013"
"927","169 Jokioinen","Yhteensä","Vapaarahoitteiset: /m²",1385,"2013"
"928","169 Jokioinen","Yhteensä","Vapaarahoitteiset: Lkm",23,"2013"
"929","169 Jokioinen","Rivi- ja pientalot","Kaikkiasunnot yhteensä: /m²",NA,"2013"
"930","169 Jokioinen","Rivi- ja pientalot","Kaikki asunnot yhteensä:Lkm",NA,"2013"
"931","169 Jokioinen","Rivi- ja pientalot","Vapaarahoitteiset: /m²",1499,"2013"
"932","169 Jokioinen","Rivi- ja pientalot","Vapaarahoitteiset: Lkm",19,"2013"
"933","169 Jokioinen","Kerrostalot","Kaikkiasunnot yhteensä: /m²",NA,"2013"
"934","169 Jokioinen","Kerrostalot","Kaikki asunnot yhteensä:Lkm",NA,"2013"
"935","169 Jokioinen","Kerrostalot","Vapaarahoitteiset: /m²",NA,"2013"
"936","169 Jokioinen","Kerrostalot","Vapaarahoitteiset: Lkm",4,"2013"
"937","171 Joroinen","Yhteensä","Kaikkiasunnot yhteensä: /m²",785,"2013"
"938","171 Joroinen","Yhteensä","Kaikki asunnot yhteensä:Lkm",22,"2013"
"939","171 Joroinen","Yhteensä","Vapaarahoitteiset: /m²",750,"2013"
"940","171 Joroinen","Yhteensä","Vapaarahoitteiset: Lkm",21,"2013"
"941","171 Joroinen","Rivi- ja pientalot","Kaikkiasunnot yhteensä: /m²",NA,"2013"
"942","171 Joroinen","Rivi- ja pientalot","Kaikki asunnot yhteensä:Lkm",NA,"2013"
"943","171 Joroinen","Rivi- ja pientalot","Vapaarahoitteiset: /m²",777,"2013"
"944","171 Joroinen","Rivi- ja pientalot","Vapaarahoitteiset: Lkm",12,"2013"
"945","171 Joroinen","Kerrostalot","Kaikkiasunnot yhteensä: /m²",NA,"2013"
"946","171 Joroinen","Kerrostalot","Kaikki asunnot yhteensä:Lkm",NA,"2013"
"947","171 Joroinen","Kerrostalot","Vapaarahoitteiset: /m²",714,"2013"
"948","171 Joroinen","Kerrostalot","Vapaarahoitteiset: Lkm",9,"2013"
"949","172 Joutsa","Yhteensä","Kaikkiasunnot yhteensä: /m²",895,"2013"
"950","172 Joutsa","Yhteensä","Kaikki asunnot yhteensä:Lkm",47,"2013"
"951","172 Joutsa","Yhteensä","Vapaarahoitteiset: /m²",911,"2013"
"952","172 Joutsa","Yhteensä","Vapaarahoitteiset: Lkm",42,"2013"
"953","172 Joutsa","Rivi- ja pientalot","Kaikkiasunnot yhteensä: /m²",NA,"2013"
"954","172 Joutsa","Rivi- ja pientalot","Kaikki asunnot yhteensä:Lkm",NA,"2013"
"955","172 Joutsa","Rivi- ja pientalot","Vapaarahoitteiset: /m²",944,"2013"
"956","172 Joutsa","Rivi- ja pientalot","Vapaarahoitteiset: Lkm",28,"2013"
"957","172 Joutsa","Kerrostalot","Kaikkiasunnot yhteensä: /m²",NA,"2013"
"958","172 Joutsa","Kerrostalot","Kaikki asunnot yhteensä:Lkm",NA,"2013"
"959","172 Joutsa","Kerrostalot","Vapaarahoitteiset: /m²",850,"2013"
"960","172 Joutsa","Kerrostalot","Vapaarahoitteiset: Lkm",14,"2013"
"961","174 Juankoski","Yhteensä","Kaikkiasunnot yhteensä: /m²",884,"2013"
"962","174 Juankoski","Yhteensä","Kaikki asunnot yhteensä:Lkm",28,"2013"
"963","174 Juankoski","Yhteensä","Vapaarahoitteiset: /m²",893,"2013"
"964","174 Juankoski","Yhteensä","Vapaarahoitteiset: Lkm",24,"2013"
"965","174 Juankoski","Rivi- ja pientalot","Kaikkiasunnot yhteensä: /m²",NA,"2013"
"966","174 Juankoski","Rivi- ja pientalot","Kaikki asunnot yhteensä:Lkm",NA,"2013"
"967","174 Juankoski","Rivi- ja pientalot","Vapaarahoitteiset: /m²",885,"2013"
"968","174 Juankoski","Rivi- ja pientalot","Vapaarahoitteiset: Lkm",19,"2013"
"969","174 Juankoski","Kerrostalot","Kaikkiasunnot yhteensä: /m²",NA,"2013"
"970","174 Juankoski","Kerrostalot","Kaikki asunnot yhteensä:Lkm",NA,"2013"
"971","174 Juankoski","Kerrostalot","Vapaarahoitteiset: /m²",922,"2013"
"972","174 Juankoski","Kerrostalot","Vapaarahoitteiset: Lkm",5,"2013"
"973","176 Juuka","Yhteensä","Kaikkiasunnot yhteensä: /m²",850,"2013"
"974","176 Juuka","Yhteensä","Kaikki asunnot yhteensä:Lkm",26,"2013"
"975","176 Juuka","Yhteensä","Vapaarahoitteiset: /m²",850,"2013"
"976","176 Juuka","Yhteensä","Vapaarahoitteiset: Lkm",26,"2013"
"977","176 Juuka","Rivi- ja pientalot","Kaikkiasunnot yhteensä: /m²",NA,"2013"
"978","176 Juuka","Rivi- ja pientalot","Kaikki asunnot yhteensä:Lkm",NA,"2013"
"979","176 Juuka","Rivi- ja pientalot","Vapaarahoitteiset: /m²",835,"2013"
"980","176 Juuka","Rivi- ja pientalot","Vapaarahoitteiset: Lkm",20,"2013"
"981","176 Juuka","Kerrostalot","Kaikkiasunnot yhteensä: /m²",NA,"2013"
"982","176 Juuka","Kerrostalot","Kaikki asunnot yhteensä:Lkm",NA,"2013"
"983","176 Juuka","Kerrostalot","Vapaarahoitteiset: /m²",901,"2013"
"984","176 Juuka","Kerrostalot","Vapaarahoitteiset: Lkm",6,"2013"
"985","177 Juupajoki","Yhteensä","Kaikkiasunnot yhteensä: /m²",836,"2013"
"986","177 Juupajoki","Yhteensä","Kaikki asunnot yhteensä:Lkm",8,"2013"
"987","177 Juupajoki","Yhteensä","Vapaarahoitteiset: /m²",772,"2013"
"988","177 Juupajoki","Yhteensä","Vapaarahoitteiset: Lkm",5,"2013"
"989","177 Juupajoki","Rivi- ja pientalot","Kaikkiasunnot yhteensä: /m²",NA,"2013"
"990","177 Juupajoki","Rivi- ja pientalot","Kaikki asunnot yhteensä:Lkm",NA,"2013"
"991","177 Juupajoki","Rivi- ja pientalot","Vapaarahoitteiset: /m²",NA,"2013"
"992","177 Juupajoki","Rivi- ja pientalot","Vapaarahoitteiset: Lkm",4,"2013"
"993","177 Juupajoki","Kerrostalot","Kaikkiasunnot yhteensä: /m²",NA,"2013"
"994","177 Juupajoki","Kerrostalot","Kaikki asunnot yhteensä:Lkm",NA,"2013"
"995","177 Juupajoki","Kerrostalot","Vapaarahoitteiset: /m²",NA,"2013"
"996","177 Juupajoki","Kerrostalot","Vapaarahoitteiset: Lkm",1,"2013"
"997","178 Juva","Yhteensä","Kaikkiasunnot yhteensä: /m²",1075,"2013"
"998","178 Juva","Yhteensä","Kaikki asunnot yhteensä:Lkm",47,"2013"
"999","178 Juva","Yhteensä","Vapaarahoitteiset: /m²",1084,"2013"
"1000","178 Juva","Yhteensä","Vapaarahoitteiset: Lkm",43,"2013"
